:0200000480007A
:2000000000000000700059B30000000000000000000000000000000064B81E799B47E18668
:20002000910000F8D9FF6A66DC0F0090000000000000000000000000000000000000000014
:200040000000000000000000000000000000000000000000000000000000000000000000A0
:20006000000000000000000000000000000000000000000000000000000000000000000080
:20008000000000000000000000000000000000000000000000000000000000000000000060
:2000A000000000000000000000000000000000000000000000000000000000000000000040
:2000C000000000000000000000000000000000000000000000000000000000000000000020
:2000E000000000000000000000000000000000000000000000000000000000000000000000
:200100000000000000000000000000000000000000000000000000000000000000000000DF
:200120000000000000000000000000000000000000000000000000000000000000000000BF
:2001400000000000000000000000000000000000000000000000000000000000000000009F
:2001600000000000000000000000000000000000000000000000000000000000000000007F
:2001800000000000000000000000000000000000000000000000000000000000000000005F
:2001A00000000000000000000000000000000000000000000000000000000000000000003F
:2001C00000000000000000000000000000000000000000000000000000000000000000001F
:2001E0000000000000000000000000000000000000000000000000000000000000000000FF
:200200000000000000000000000000000000000000000000000000000000000000000000DE
:200220000000000000000000000000000000000000000000000000000000000000000000BE
:2002400000000000000000000000000000000000000000000000000000000000000000009E
:2002600000000000000000000000000000000000000000000000000000000000000000007E
:2002800000000000000000000000000000000000000000000000000000000000000000005E
:2002A00000000000000000000000000000000000000000000000000000000000000000003E
:2002C00000000000000000000000000000000000000000000000000000000000000000001E
:2002E0000000000000000000000000000000000000000000000000000000000000000000FE
:200300000000000000000000000000000000000000000000000000000000000000000000DD
:200320000000000000000000000000000000000000000000000000000000000000000000BD
:2003400000000000000000000000000000000000000000000000000000000000000000009D
:2003600000000000000000000000000000000000000000000000000000000000000000007D
:2003800000000000000000000000000000000000000000000000000000000000000000005D
:2003A00000000000000000000000000000000000000000000000000000000000000000003D
:2003C00000000000000000000000000000000000000000000000000000000000000000001D
:2003E0000000000000000000000000000000000000000000000000000000000000000000FD
:200400000000000000000000000600F000B403F00100000000000000000600F000B503F0A0
:200420000300000001000000000600F000B403F00000000090000000000600F000B403F0EE
:200440000100000090000000000600F000B503F00200000090000000000600F000B503F03D
:200460000300000090000000000700F000B503F00100000000000000000700F000B503F0AA
:200480000500000001000000000700F000C003F00900000002000000000700F000B103F006
:2004A0000A00000004000000000700F000D303F00D00000005000000000700F000A203F0D3
:2004C0000300000006000000000700F000A203F00200000090000000000700F000B103F05A
:2004E0000C00000090000000000700F000B503F00000000090000000000700F000B503F092
:200500000100000090000000000700F000B503F00400000090000000000700F000B503F078
:200520000500000090000000000700F000C003F00A00000090000000000700F000D303F025
:200540000C00000090000000000700F000D303F00D00000090000000000800F000B403F006
:200560000300000000000000000800F000A203F00100000001000000000800F000B003F04E
:200580000600000003000000000800F000D303F00800000004000000000800F000A203F0FB
:2005A0000000000006000000000800F000A203F00000000090000000000800F000B003F07D
:2005C0000500000090000000000800F000B403F00200000090000000000800F000B403F0B6
:2005E0000300000090000000000800F000D303F00800000090000000000800F000D303F054
:200600000900000090000000000900F000B503F00700000000000000000900F000C003F0ED
:200620000300000002000000000900F000A003F00100000004000000000900F000C103F077
:200640000600000005000000000900F000A003F00000000098000000000900F000A003F0DF
:200660000100000090000000000900F000B503F00600000090000000000900F000B503F011
:200680000700000090000000000900F000C003F00000000090000000000900F000C003F0DB
:2006A0000300000090000000000900F000C103F00700000090000000000600F0000000006D
:2006C000000700F001000000000800F002000000000900F0030000000050C348640000006D
:2006E0000050C3486400000014000000000000000000000001000000000000000000000026
:200700000000000000000000000000000000000000000101070000000000090100000000C6
:200720000602000000000A030000000000000000000000000101000000000000002A00F088
:2007400000000000002B00F001000000000081F800000000000083F8010000000000000088
:20076000000000000000000000000000000000000000000000000000000000000000010078
:2007800000010F00010F0000000000000000000000000000000000AFFF1F00AF002000AFEE
:2007A000FF3F00AF004000AFFF5F00AF006000AFFF7F00AF008000AFFF9F00AF00A000AF49
:2007C000FFBF00AF00C000AFFFDF00AF00E000AFFFFF00AF000001AFFF1F01AF002001AF26
:2007E000FF3F01AF004001AFFF5F01AF006001AFFF7F01AF002E00F00200000000A003F01C
:200800000800000000000000002E00F00200000000D303F00600000001000000002E00F0C5
:200820000200000000A003F00700000000000000002E00F00200000000D303F0070000002F
:2008400001000000002E00F00300000000A203F00700000000000000002E00F003000000B9
:2008600000A203F00600000000000000002E00F00400000000A003F009000000000000001F
:20088000002E00F00400000000D303F00500000001000000002E00F00400000000A203F0B3
:2008A0000800000000000000002E00F00500000000C103F00600000000000000002E00F035
:2008C0000500000000B003F00100000001000000002E00F00500000000C103F00700000090
:2008E00000000000002E00F00500000000B003F00300000001000000002E00F0060000000A
:2009000000C003F00000000000000000002E00F00600000000C003F003000000000000004A
:20092000002E00F00600000000B003F00200000001000000000002000000000000A203F056
:200940000000000088000000000002003000000000C203F00100000088000000000002009D
:200960003500000000C103F00200000088000000000002005500000000B403F00500000001
:2009800088000000000002000800000000A203F00800000088000000000002000900000095
:2009A00000A003F00000000088000000000103006700000000B003F0010000008800000085
:2009C000000102000A00000000A003F00100000088000000000102000B00000000A003F04D
:2009E0000200000088000000000102000100000000A203F001000000880000000001020048
:200A00001F00000000D303F00900000088000000000102002F00000000C203F00000000079
:200A200088000000000102003600000000C103F0030000008800000000010200540000005F
:200A400000B403F00400000088000000000203006800000000B003F00200000088000000C9
:200A6000000203006B00000000B003F00500000088000000000202000C00000000A003F033
:200A80000300000088000000000202000200000000A203F0020000008800000000020200A2
:200AA0002100000000D303F00B00000088000000000202003700000000C103F004000000C9
:200AC00088000000000202005300000000B403F00300000088000000000303006900000096
:200AE00000B003F00300000088000000000303006C00000000B003F0060000008800000025
:200B0000000302000D00000000A003F00400000088000000000302000300000000A203F007
:200B20000300000088000000000302003100000000C203F0020000008800000000030200B0
:200B40003800000000C103F00500000088000000000302005200000000B403F0020000001C
:200B600088000000000402000E00000000A003F005000000880000000004020004000000AF
:200B800000A203F00400000088000000000402003200000000C203F00300000088000000BC
:200BA000000402003900000000C103F00600000088000000000402003D00000000C003F0BE
:200BC0000300000088000000000402005100000000B403F0010000008800000000050200FC
:200BE0000F00000000A003F00600000088000000000502002800000000D203F004000000CD
:200C000088000000000502003A00000000C103F007000000880000000005020005000000BC
:200C200000A203F00500000088000000000602001000000000A003F0070000008800000058
:200C4000000602002A00000000C303F00100000088000000000602003B00000000C003F02D
:200C60000000000088000000000602000600000000A203F0060000008800000000070200B2
:200C80001100000000A003F00800000088000000000702004000000000C003F0080000001C
:200CA00088000000000702000700000000A203F00700000088000000010003000000000074
:200CC00000A203F00000000088000000010003003000000000C203F0010000008800000085
:200CE000010003003500000000C103F00200000088000000010002004400000000C003F083
:200D00000C00000088000000010002004C00000000B503F0050000008800000001000200B8
:200D20004D00000000B503F00600000088000000010003000800000000A203F00800000087
:200D400088000000010003000900000000A003F00000000088000000010102006700000078
:200D600000B003F00100000088000000010103000A00000000A003F001000000880000001C
:200D8000010103000B00000000A003F00200000088000000010103000100000000A203F08B
:200DA0000100000088000000010103001F00000000D303F00900000088000000010103002A
:200DC0002F00000000C203F00000000088000000010103003600000000C103F003000000B5
:200DE00088000000010102004500000000C003F00D00000088000000010102004E00000088
:200E000000B503F00700000088000000010102004F00000000B503F0080000008800000010
:200E2000010102005600000000B403F00600000088000000010202006800000000B003F013
:200E40000200000088000000010202006B00000000B003F005000000880000000102030062
:200E60000C00000000A003F00300000088000000010203000200000000A203F002000000A9
:200E800088000000010203002100000000D303F00B0000008800000001020300370000000D
:200EA00000C103F00400000088000000010202004600000000C003F00E000000880000005E
:200EC000010202005000000000B403F00000000088000000010302006900000000B003F07C
:200EE0000300000088000000010302006C00000000B003F0060000008800000001030300BD
:200F00000D00000000A003F00400000088000000010303000300000000A203F00300000003
:200F200088000000010303003100000000C203F00200000088000000010303003800000073
:200F400000C103F00500000088000000010302004700000000B503F00000000088000000D3
:200F6000010403000E00000000A003F00500000088000000010403000400000000A203F09A
:200F80000400000088000000010403003200000000C203F003000000880000000104030043
:200FA0003900000000C103F00600000088000000010403003D00000000C003F003000000BB
:200FC00088000000010402004800000000B503F00100000088000000010503000F000000F1
:200FE00000A003F00600000088000000010503002800000000D203F004000000880000004E
:20100000010503003A00000000C103F00700000088000000010503000500000000A203F0A7
:201020000500000088000000010502004100000000C003F00900000088000000010502008E
:201040004900000000B503F00200000088000000010603001000000000A003F00700000061
:2010600088000000010603002A00000000C303F00100000088000000010603003B00000030
:2010800000C003F00000000088000000010602004200000000C003F00A0000008800000085
:2010A000010603000600000000A203F00600000088000000010602004A00000000B503F002
:2010C0000300000088000000010703001100000000A003F00800000088000000010702003C
:2010E0004300000000C003F00B00000088000000010702004B00000000B503F00400000066
:2011000088000000010703000700000000A203F007000000880000000200020012000000FB
:2011200000A003F00900000088000000020002001A00000000D303F004000000880000001B
:20114000020002002000000000D303F00A00000088000000020003004400000000C003F017
:201160000C00000088000000020002005E00000000B303F003000000880000000201020043
:201180001B00000000D303F00500000088000000020103004500000000C003F00D000000D6
:2011A00088000000020102005F00000000B103F00200000088000000020202001C000000F3
:2011C00000D303F00600000088000000020203004600000000C003F00E0000008800000025
:2011E000020202006000000000B103F00300000088000000020302001500000000A003F0AB
:201200000C00000088000000020302001D00000000D303F0070000008800000002030300B9
:201220004700000000B503F00000000088000000020302006100000000B103F00600000025
:2012400088000000020402001E00000000D303F00800000088000000020402002200000060
:2012600000D303F00C00000088000000020403004800000000B503F0010000008800000092
:20128000020402006200000000B103F00900000088000000020502002300000000D303F0BD
:2012A0000D00000088000000020503004100000000C003F009000000880000000205030000
:2012C0004900000000B503F00200000088000000020502005B00000000B303F00000000089
:2012E00088000000020502006300000000B103F00A00000088000000020602006400000056
:2013000000B103F00B00000088000000020602002400000000D203F000000000880000001B
:20132000020602003E00000000C003F00600000088000000020603004200000000C003F024
:201340000A00000088000000020603004A00000000B503F003000000880000000206020069
:201360005C00000000B303F00100000088000000020702006500000000B103F00C000000C2
:2013800088000000020702003F00000000C003F007000000880000000207030040000000ED
:2013A00000C003F00800000088000000020703004300000000C003F00B0000008800000055
:2013C000020703004B00000000B503F00400000088000000020702005D00000000B303F074
:2013E0000200000088000000030003001200000000A003F009000000880000000300030021
:201400001A00000000D303F00400000088000000030003002000000000D303F00A0000006A
:2014200088000000030003004C00000000B503F00500000088000000030003004D0000004A
:2014400000B503F00600000088000000030003005500000000B403F00500000088000000C7
:20146000030003005E00000000B303F00300000088000000030103001B00000000D303F0EF
:201480000500000088000000030103004E00000000B503F00700000088000000030103002C
:2014A0004F00000000B503F00800000088000000030103005400000000B403F0040000009F
:2014C00088000000030103005600000000B403F00600000088000000030103005F0000008C
:2014E00000B103F00200000088000000030203001C00000000D303F0060000008800000046
:20150000030203005000000000B403F00000000088000000030203005300000000B403F042
:201520000300000088000000030203006000000000B103F003000000880000000303030080
:201540001500000000A003F00C00000088000000030303001D00000000D303F0070000005C
:2015600088000000030303005200000000B403F002000000880000000303030061000000ED
:2015800000B103F00600000088000000030403001E00000000D303F008000000880000009B
:2015A000030403002200000000D303F00C00000088000000030403005100000000B403F0A3
:2015C0000100000088000000030403006200000000B103F0090000008800000003050300D6
:2015E0002300000000D303F00D00000088000000030503005B00000000B303F00000000061
:2016000088000000030503006300000000B103F00A0000008800000003060300640000002E
:2016200000B103F00B00000088000000030603002400000000D203F00000000088000000F6
:20164000030603003E00000000C003F00600000088000000030603005C00000000B303F0F1
:201660000100000088000000030703006500000000B103F00C00000088000000030703002A
:201680003F00000000C003F00700000088000000030703005D00000000B303F002000000B7
:2016A00088000000001C00F000C003F00C00000000000000001C00F000C003F00C0000000C
:2016C000A0000000001C00F000C003F00E00000098000000001C00F000C003F00B0000003B
:2016E00098000000001C00F000C003F00D000000A8000000001C00F00000000000C003F01F
:201700000800000098000000001C00F00D00000000B503F00000000098000000001C00F0C4
:201720000100000000C003F00900000098000000001C00F00200000000C003F00D00000086
:2017400098000000001C00F00300000000B103F00A00000098000000001C00F0040000008C
:2017600000B103F00B00000098000000001C00F00500000000B103F00200000098000000D3
:20178000001C00F00600000000C003F00A00000098000000001C00F00700000000D303F009
:2017A0000500000090000000001C00F00800000000C003F00600000098000000001C00F023
:2017C0000900000000C003F00300000098000000001D00F000B003F0010000000000000001
:2017E000001D00F000B103F00300000001000000001D00F000B003F00100000090000000F3
:20180000001D00F000B003F00300000098000000001D00F000B103F009000000980000002B
:20182000001D00F000B003F00200000098000000001D00F000B103F006000000980000000F
:20184000001D00F00000000000C003F008000000A0000000001D00F00100000000C003F05F
:2018600009000000A0000000001D00F00200000000C003F00D000000A0000000001D00F043
:201880000300000000B103F00A000000A0000000001D00F00400000000B103F00B00000037
:2018A000A0000000001D00F00500000000B103F002000000A0000000001D00F0060000001D
:2018C00000D303F00A00000090000000001D00F00700000000D303F0050000009800000031
:2018E000001D00F00800000000B003F00400000098000000001D00F00900000000B003F0DB
:2019000005000000A0000000001E00F000B503F00400000000000000001E00F000B503F0B2
:201920000700000001000000001E00F000C103F00200000002000000001E00F000C103F017
:201940000300000002000000001E00F000B503F00200000004000000001E00F000B303F012
:201960000300000098000000001E00F000B503F00500000098000000001E00F000B503F0C3
:201980000600000098000000001E00F000B303F00000000098000000001E00F000B303F0A9
:2019A0000100000098000000001E00F000B503F00300000098000000001E00F000B503F087
:2019C00006000000A8000000001E00F000B503F00800000098000000001E00F000000000F5
:2019E00000B503F00200000098000000001E00F00100000000B403F0020000009800000055
:201A0000001E00F00200000000B403F00600000098000000001E00F00300000000B403F0B9
:201A20000300000098000000001E00F00500000000B503F00100000098000000001E00F0A9
:201A40000600000000D303F00D000000A0000000001E00F00700000000C003F00A0000003B
:201A6000A0000000001E00F00800000000C003F006000000A0000000001E00F00900000040
:201A800000C003F003000000A0000000001F00F000A203F00500000000000000001F00F038
:201AA00000D303F00D00000003000000001F00F000C203F00100000004000000001F00F078
:201AC00000C103F00200000005000000001F00F000C103F00300000005000000001F00F071
:201AE00000C203F003000000A0000000001F00F000A203F00600000098000000001F00F03D
:201B000000B003F00600000098000000001F00F000C203F00000000098000000001F00F019
:201B200000D303F00C00000098000000001F00F000C203F000000000A0000000001F00F0C8
:201B400000C203F001000000A0000000001F00F000A203F00700000098000000001F00F0DD
:201B600000C203F00300000098000000001F00F000D303F00B00000098000000001F00F08E
:201B80000000000000A203F00400000098000000001F00F00B00000000D303F00A0000002A
:201BA00098000000001F00F00C00000000C203F00200000098000000001F00F00D00000007
:201BC00000C303F00100000098000000001F00F00100000000A203F0000000009800000079
:201BE000001F00F00100000000D303F00900000098000000001F00F00200000000A203F0C8
:201C00000100000098000000001F00F00200000000D303F00800000098000000001F00F0A5
:201C20000300000000A203F00200000098000000001F00F00400000000A203F003000000C7
:201C400098000000001F00F00500000000A203F00800000090000000001F00F00600000096
:201C600000A003F00800000090000000001F00F00700000000A003F00900000090000000F7
:201C8000001F00F00700000000D303F00700000098000000001F00F00800000000B003F00F
:201CA0000500000098000000001C00F000000000001D00F001000000001E00F0020000005D
:201CC000001F00F003000000040017B7D138000000000000030017B7D1380000000000003D
:201CE000020017B7D13800000000000003000000C81C0080013B050017B7513912011202E4
:201D0000FF0F3F0312221402FFFFFF0F020000000F000000010000000F00000000000000FC
:201D20003F000000000000003F000000D5140000FF7F0000002D3101000000F0000000006F
:201D4000000100F00100000000000000000000000000000000000000000000000000000091
:201D6000000000000000BD3786350000BD3786350000000000000000000001000100000003
:201D8000000001000000000000000100000000000000000001000000000000000000000040
:201DA000003C01800C3C0180183C0180243C0180303C01803C3C0180483C0180543C0180EB
:201DC000603C01806C3C0180783C0180843C0180903C01809C3C0180A83C0180B43C0180CB
:201DE000C03C0180CC3C0180D83C0180E43C0180F03C0180FC3C0180083D0180143D0180A9
:201E0000203D01802C3D0180383D0180443D0180503D01805C3D0180683D0180743D018082
:201E2000803D01808C3D0180983D0180A43D0180B03D0180BC3D0180C83D0180D43D018062
:201E4000E03D0180EC3D0180F83D0180043E0180103E01801C3E0180283E0180343E01803D
:201E6000403E01804C3E0180583E0180643E0180703E01807C3E0180883E0180943E01801A
:201E8000A03E0180AC3E0180B83E0180C43E0180D03E0180DC3E0180E83E0180F43E0180FA
:201EA000003F01800C3F0180183F0180243F0180303F01803C3F0180483F0180543F0180D2
:201EC000603F01806C3F0180783F0180843F0180903F01809C3F0180A83F0180B43F0180B2
:201EE000C03F0180CC3F0180D83F0180E43F0180F03F0180FC3F0180084001801440018090
:201F0000204001802C4001803840018044400180504001805C400180684001807440018069
:201F2000804001808C40018098400180A4400180B0400180BC400180C8400180D440018049
:201F4000E0400180EC400180F840018004410180104101801C410180284101803441018024
:201F6000404101804C4101805841018064410180704101807C410180884101809441018001
:201F8000A0410180AC410180B8410180C4410180D0410180DC410180E8410180F4410180E1
:201FA000004201800C4201801842018024420180304201803C4201804842018054420180B9
:201FC000604201806C4201807842018084420180904201809C420180A8420180B442018099
:201FE000C0420180CC420180D8420180E4420180F0420180FA420180044301800E43018083
:2020000018430180224301802C43018036430180404301804A430180544301805E430180C8
:2020200068430180724301807C43018086430180904301809A430180A4430180AE43018028
:20204000B8430180C2430180CC430180D64301800000000000000000000000000000000054
:20206000000000000000000000000000000000000000000000000000000000000000000060
:20208000000000000000000000000000000000000000000000000000000000000000000040
:2020A000000000000000000000000000000000000000000000000000000000000000000020
:2020C000000000000000000000000000000000000000000000000000000000000000000000
:2020E0000000000000000000000000000000000000000000000000000000000000000000E0
:202100000000000000000000000000000000000000000000000000000000000000000000BF
:2021200000000000000000000000000000000000000000000000000000000000000000009F
:2021400000000000000000000000000000000000000000000000000000000000000000007F
:2021600000000000000000000000000000000000000000000000000000000000000000005F
:2021800000000000000000000000000000000000000000000000000000000000000000003F
:2021A00000000000000000000000000000000000000000000000000000000000000000001F
:2021C0000000000000000000000000000000000000000000000000000000000000000000FF
:2021E0000000000000000000000000000000000000000000000000000000000000000000DF
:202200000000000000000000000000000000000000000000000000000000000000000000BE
:2022200000000000000000000000000000000000000000000000000000000000000000009E
:2022400000000000000000000000000000000000000000000000000000000000000000007E
:2022600000000000000000000000000000000000000000000000000000000000000000005E
:2022800000000000000000000000000000000000000000000000000000000000000000003E
:2022A00000000000000000000000000000000000000000000000000000000000000000001E
:2022C0000000000000000000000000000000000000000000000000000000000000000000FE
:2022E0000000000000000000000000000000000000000000000000000000000000000000DE
:202300000000000000000000000000000000000000000000000000000000000000000000BD
:2023200000000000000000000000000000000000000000000000000000000000000000009D
:2023400000000000000000000000000000000000000000000000000000000000000000007D
:2023600000000000000000000000000000000000000000000000000000000000000000005D
:2023800000000000000000000000000000000000000000000000000000000000000000003D
:2023A00000000000000000000000000000000000000000000000000000000000000000001D
:2023C0000000000000000000000000000000000000000000000000000000000000000000FD
:2023E0000000000000000000000000000000000000000000000000000000000000000000DD
:202400000000000000000000000000000000000000000000000000000000000000000000BC
:2024200000000000000000000000000000000000000000000000000000000000000000009C
:2024400000000000000000000000000000000000000000000000000000000000000000007C
:2024600000000000000000000000000000000000000000000000000000000000000000005C
:2024800000000000000000000000000000000000000000000000000000000000000000003C
:2024A00000000000000000000000000000000000000000000000000000000000000000001C
:2024C0000000000000000000000000000000000000000000000000000000000000000000FC
:2024E0000000000000000000000000000000000000000000000000000000000000000000DC
:202500000000000000000000000000000000000000000000000000000000000000000000BB
:2025200000000000000000000000000000000000000000000000000000000000000000009B
:2025400000000000000000000000000000000000040000000400010001000000020100006E
:20256000040200000402010002020000010300000404000002040000010500000406000028
:202580000206000001070000010800000609000001090000060A0000020A0000040B0000DE
:2025A000030B0000030C0000040D0000020D0000020E0000040F0000010F00000210000099
:2025C000041100000411010000000000808903F0848903F0888903F08C8903F0908903F0BC
:2025E000948903F0988903F09C8903F0A08903F0A48903F0A88903F0AC8903F0B08903F0EB
:20260000B48903F0B88903F0BC8903F0A08A03F0A48A03F0A88A03F0AC8A03F0B08A03F065
:20262000B48A03F0B88A03F0BC8A03F04E414E006E616E00494E4600696E660002000200C3
:202640000100010000010101000100010002000102030405060708090A0B0C0D0E00010205
:20266000030100020301020003010203005354500044524900544B5000544B4400474B50BB
:2026800000474B4900474B44004253500046414E00544754004744490052554E00414D4F3A
:2026A00000415654004D454E0057484C004D4F4400534156004C4B5000444C50004C4B49F3
:2026C00000444C4900524B500044525000524B49000002020202020202020203010101014F
:2026E000020202020202020202020202020202020202044040404040404040404040404072
:202700004040202020202020202020204040404040404088888888888808080808080808D1
:202720000808080808080808080808080840404040404090909090909010101010101010E1
:202740001010101010101010101010101040404040020000000000000000000000000000A7
:20276000000000000000000000000000000000000000000000000000000000000000000059
:20278000000000000000000000000000000000000000000000000000000000000000000039
:2027A000000000000000000000000000000000000000000000000000000000000000000019
:2027C00000000000000000000000000000000000000066696C653A2025730066696C653A8D
:2027E000206D646B2F2573006C696E653A202564000D0A66696C65202573206C696E6520D4
:2028000025643A2025732E0D0A000D0A66696C65202573206C696E652025642E0D0A004192
:202820007373657274206572726F72004C6F67206D657373616765002E2E2F6C6962726161
:20284000726965732F7A665F636F6D6D6F6E2F7A665F636F6D6D6F6E5F6669666F2E630043
:20286000524D43004747410054485300494D5536363052422061636320616E642067797291
:202880006F2073656C6620636865636B206572726F722E002E2E2F6C696272617269657321
:2028A0002F7A665F6465766963652F7A665F6465766963655F696D7536363072622E6300B1
:2028C000494D5536363052425F4143435F53414D504C455F44454641554C542073657420A6
:2028E0006572726F722E00494D5536363052425F4759524F5F53414D504C455F4445464135
:20290000554C5420736574206572726F722E002E2E2F6C69627261726965732F7A665F64C4
:2029200072697665722F7A665F6472697665725F656E636F6465722E63002E2E2F6C6962E3
:202940007261726965732F7A665F6472697665722F7A665F6472697665725F666C61736890
:202960002E63002E2E2F6C69627261726965732F7A665F6472697665722F7A665F647269D7
:202980007665725F70776D2E63002E2E2F6C69627261726965732F7A665F64726976657264
:2029A0002F7A665F6472697665725F736F66745F6969632E63002E2E2F6C6962726172696D
:2029C00065732F7A665F6472697665722F7A665F6472697665725F7370692E63002E2E2F64
:2029E0006C69627261726965732F7A665F6472697665722F7A665F6472697665725F7561F1
:052A000072742E63005A
:122A080073646820737468A0036568CA0BC30030009046
:202A20000F05D011174580010B00D0010F00B02142218B0101110F2010006B0500200090A8
:202A40003256FF0626003B00FEFF3FF617000F6510308B0602601745802600903256FF0679
:202A600018003B00FEFF3FF60F000F6500308B060260174580260090A2F63705C13F0F6551
:202A800010200090A2F682030F6500200090DA207FF60700174580360F6400200090A2F6F2
:202AA00082020F6400300090820C822D3C130757FFCF8755BFDFCE57460546048B14804014
:202AC0008B05A050CE77460746068B1680608B07A07082028203820082013A260B2700F2E3
:202AE0006E023C4F0B6430F10B7500F20B75A0F26E04024002513C453A640B7500F26E03BE
:202B000082123C3F3B0004E00B6030F10B7100F20B71A0F2DE1087559FFF06116701801FF9
:202B20008B1FE0060248025906156745805F0614C2FE3CEB0284029506F067101F0006F119
:202B4000C21E82087AE86E1D87559FFF06116701801F8B1FE0060B60C0A00B71D0B007BB6D
:202B60009FFF06156745805F061406136723803F8B1FE0266E0302A002B1C2183FE8E67FB9
:202B800076C7460346028B1280208B03A030DF2D0B00071DE0FF76F7460146008B1080009D
:062BA0008B01A010009063
:202BA80080448055A6546F040D80444F8B0FC04A44557E55DF04FB7F82020090B0C4B0C57D
:202BC800044FCAFF04555F5FFD7FABF53F55525200903B00034040F440C5007074DF3B0021
:202BE800034040C4007061000E00370A6800DA0A4BF011020070610006003BE0024040C494
:202C0800007054DFC21F74DF00706D0080690090DA043E4CDA053E4CDA063E44DA073E44E9
:202C28003C0982123C0982223C0782323C0582423C0382023C010090910000F6D9FF1410BB
:202C480014FF910000F6D9FF101014F03F0F0A80910000F6D9FF08B0DA0174FF1D00120169
:202C6800910000F6D9FF0C1091000026D9221410142F34FF910000F6D9FF141014FF534F4D
:202C880020F0910000F6D9FF181010FF91000026D92200B0081F342F91000026D92228D0F0
:202CA800082F342F91000026D9224810081F370F48F091000048D9447C821044144F342FB5
:202CC80014F0DA01BE05DA025F0F3C00DA035F0F5900DA045F0F7500DA055F0F7200DA06C0
:202CE8005F0F6F00DA075F0F6C001D009000081F370F48F0534F20F0910000F6D9FF5890E9
:202D080010F2910000F6D9FF1890483F742F910000F6D9FF141091000026D9221410142FDC
:202D2800C21F34FF910000F6D9FF74A0DA0134FF910000F6D9FF6C20DA0434FF1D00A2003B
:202D4800081F370F48F0534F20F0910000F6D9FF589010F2910000F6D9FF1890483F742F9A
:202D6800910000F6D9FF141091000026D9221410142FC21F34FF82146D00BC0A1D00820033
:202D8800081F370F48F0534F20F0910000F6D9FF589010F2910000F6D9FF1890483F742F5A
:202DA800910000F6D9FF141091000026D9221410142FC21F34FF82246D009C0A3C626D0097
:202DC800A80791000026D922141091000046D9441410144FC21F342F910000C6D9CC3490E7
:202DE80014F46DFF17FF34C291000026D9227C00910000F6D9FF1890483F742F910000F665
:202E0800D9FF6C20DA0334FF3C3C6D008207910000F6D9FF141091000026D9221410142F2C
:202E2800C21F34FF910000F6D9FF28D091000026D92228D0142FC21F34FF910000F6D9FFBF
:202E480028D014FF910000F6D9FF481009F000083F0F1700910000F6D9FF00B009FF000823
:202E6800534F20F0910000F6D9FF589010F2910000F6D9FF1890483F742F6DFFDFFE3C0198
:202E88000090910000F6D9FF0C1014FF910000F6D9FF101014F07F0F4980534F20F09100EF
:202EA80000F6D9FF181010FF91000026D92200B0081F342F91000026D92228D0082F342FD5
:202EC80014FFBF4F288014FFFF8F258091000026D92228D0082FC21F342F91000026D92204
:202EE80028D01420081F370F48F0910000F8D9FF7C8210FF14FF3FF00D80910000F6D9FF5D
:202F0800740091000026D9227400142FC21F34FF3C0C910000F6D9FF740091000026D922EB
:202F28007400142FC21F34FF910000F6D9FF141014FF910000F6D9FF101014F03F0F0880CF
:202F4800910000F6D9FF08B0DA0174FF0090910000F6D9FF1010DA1F34FF910000F6D9FF6A
:202F68001410DA0034FF910000F6D9FF0C10DA0034FF91000046D944181082043B401F5004
:202F88006D00997491000046D944181091000058D95550523BC007406D005B74009091003B
:202FA80000F6D9FF0CB014FFEE64910000F6D9FF6C20DA0034FF910000F6D9FF0CB0DA012C
:202FC80034FF910000F6D9FF00B0DA0034FF910000F6D9FF4810DA0034FF910000F6D9FF77
:202FE8007400DA0034FF910000F6D9FF28D0DA0034FF910000F6D9FF1410DA0034FF9100C3
:2030080000F6D9FF0C10DA0034FF6DFFA2FF910000F6D9FF481091000026D92200B0092F53
:20302800000891000028D9227C821022142F34FF910000F6D9FFB430DA00B4FF910000F6CF
:20304800D9FF08F0DA0074FF91000046D94454C082043B001E506D002E7491000046D94411
:20306800742082043B401A506D0025746D006608910000F6D9FF6C2014FF82003E0A82100E
:203088003E0B82203E0C82303E0D82403E0E3C106D00BE053C106D00CB0C3C0D6D004E0DCB
:2030A8003C0A6D0025043C076D005D0C3C046D00AF053C01910000F6D9FF501014FFEE0FA6
:2030C800910000F6D9FF6C2014FFEE03DA003C02DA01910000F6D9FF945034FF00903B7055
:2030E80028406D001B84DF120F80910000F6D9FF30D014FFEE08910000F6D9FF38A03B00FA
:2031080032F074FF910000F6D9FF30D03B7028406D000484BA1234FF910000F6D9FF5010ED
:2031280014FF5E17910000F6D9FF38A0DA0074FF910000F6D9FF6CA054FF5E136D0041019D
:20314800910000F6D9FF6CA091000026D9226CA0542F53FF3FF074FF6D00C4006D007D0D9F
:203168006D0058026D00D206910000F6D9FF70A054FF6E023C13910000F6D9FF501014FFE8
:20318800EE093B7028406D00C983DF1204806DFF08FF6D006D0A6D0053090090910000F6B8
:2031A800D9FF149054FF82004B0F01F0370F61F16E1F910000F6D9FF1890483F910000F631
:2031C800D9FF109054F06B0031FF910000F6D9FF149054F04B0F01F0370F61F06E03820272
:2031E8003C36910000F6D9FF1490DA0074FF910000F6D9FF640014FF1E17910000F6D9FF9B
:20320800640008EF5E18910000F6D9FF2CD054FFFF4F0900910000F6D9FF2CD054FFBF5F04
:203228001500910000F6D9FF0C9091000026D9220C90942FC21FB4FF910000F6D9FF1890CA
:20324800DA006CF382123C0382023C010090910000F6D9FF7CB0DA0134FF6D0097056DFFFB
:2032680012FE6D00D5050090910000F6D9FFB050DA0034FF910000F6D9FFB450DA0034FF83
:20328800910000F6D9FF10B0DA0034FF910000F6D9FF4C10DA0034FF91000026D9221090E0
:2032A800910000F6D9FF1890483F742F910000F6D9FF14907B802CF474FF910000F6D9FFE5
:2032C8006C20DA0034FF91000026D9227C00910000F6D9FF1890483F742F6DFFD4FD009021
:2032E8006D006C7B910000F6D9FF90B094FF4B0F4101910000F6D9FF94B0481F4BF051F01E
:20330800910000F6D9FFAC5054F06B00310F8201910000F6D9FF0CA014FF1E27910000F6EE
:20332800D9FF0CA014FF5E38910000F6D9FF08A014FF5E128211B70081FF7B0000244B2FEB
:2033480001F0AE07910000F6D9FF24D074F03C0D910000F6D9FF24D0DA0074FF910000F698
:20336800D9FF90B0DA00B4FF910000F6D9FFB05014FF1E19910000F6D9FFB45014FF1E1350
:20338800DF011800910000F6D9FF14B091000026D92224D0542FBB60BA099B40B4039100E0
:2033A8000026D92214B054216B0F61F174FF3C07910000F6D9FF14B0DA0074FF0090822483
:2033C8006D00DA7E022982046D00D67E022882246D00B27E82046D00AF7E910000F6D9FFC2
:2033E8009C5091000026D9229C508C21ACF2910000F6D9FF9C5091000026D9229C50942F44
:20340800ACF1910000F6D9FFA45091000026D922A4508C21ACF2910000F6D9FFA4509100DF
:203428000026D922A450942FACF1910000F6D9FF9C50B4F8910000F6D9FFA450B4F9910087
:203448000026D9225C00910000F6D9FF9C50882F4B0F4101BBD0CC1C9BC1E413370850F004
:203468004B0F41217B00F033910000F6D9FF9C50881F4B0F41F1BBA099499B94E9434B4F3A
:2034880041F06B3261FF6B1061FF4B0F31F1742F91000026D9226420910000F6D9FFA45073
:2034A800882F4B0F4101BBD0CC1C9BC1E413370950F04B0F41217B00F033910000F6D9FFB2
:2034C800A450881F4B0F41F1BBA099499B94E9434B4F41F06B3261FF6B1061FF4B0F31F106
:2034E800742F3B7028406D001982DF12218042984B0841F17B0000044B0F5100910000F664
:20350800D9FF189091000026D92218904C236B0021FF6CF3910000F6D9FF78A09100002642
:20352800D92278A0542F6B0021FF74FF0090910000F6D9FF78B054FFBF1F1A00910000F606
:20354800D9FF7CA054F0910000F6D9FF78B054FFC2FF534F20F0910000F6D9FF7CA010FF54
:2035680054FF42F0DA024BF001223C0382723C0100909A147E5382123C09DF540680DA0990
:203588007E5382123C0382023C010090910000F6D9FF14B054FF6B0F31F4B70F81FF7B0058
:2035A8000A044B0F01F016038B0F20F26E23910000F6D9FF24D054FFB70F81FF7B40230486
:2035C8004B0F01F016038B0F20F26E14910000F6D9FF44C014FFFF3F0D80910000F6D9FFB1
:2035E80044C091000026D92244C0142FC21F34FF3C07910000F6D9FF44C0DA0034FF91006E
:2036080000F6D9FF44C014FF8B3FA0223C01009091000046D94438D091000056D9556400EF
:203628003BF000406D0015718208910000F6D9FF6C2014FF1E3E910000F6D9FF6C2014FF42
:203648001E18910000F6D9FF6C2014FF1E22821882093C5A532920F0910000F6D9FF806068
:2036680010FF09F0C0084B006101538920F0910000F6D9FF80C010FF54F14B100100370053
:2036880061F16E15910000F6D9FF640001F900F6DA0134FF768C8BE900F1910000F6D9FFC6
:2036A800AC9010FF14F482156D00523D532920F0910000F6D9FF806010FF09FFC0084B0F18
:2036C8006101538920F0910000F6D9FF80C010FF481F4BF001F0370F61F06E15910000F6B2
:2036E800D9FF640001F900F6DA0034FF768C8BE900F1910000F6D9FFAC9010FF14F48205E9
:203708006D00263DC219DA0F3FF9A67F91000046D94408E091000056D9557CA03BC0034065
:203728006D009770910000F6D9FF04F091000026D92278B0542F74FF82003C0B534020F07E
:20374800910000F6D9FF7CA010FFDA0074FFC210DA0F3FF0F57F910000F6D9FF2CD0DA00F7
:2037680074FF910000F6D9FF78B0DA0074FF910000F6D9FF10F0DA0034FF910000F6D9FF2F
:203788005810DA0034FFDA003C35910000F8D9FF4E9210FF14F0910000F6D9FF640001F059
:2037A80000F614F1DF112680910000F6D9FF2CD091000026D9222CD05421C21174F1910029
:2037C80000F6D9FF78B054F153412010910000F6D9FF7CA001F100F674F0910000F6D9FFBC
:2037E80078B091000026D92278B05420C21074F0C21FBFFFCCFF82083C32534820F0910077
:2038080000F6D9FF7CA010FF54FF370F68409A18534F20F0910000F6D9FF7CA010FF54FF25
:20382800370F68506DFFA7FEDF021980910000F6D9FF78B091000026D92204F0542F74FFD4
:2038480091000046D9447CA091000056D95508E03BC003406D00FD6F3C0AC218910000F695
:20386800D9FF78B054FFC2FF3FF8C97F3B7028406D005480DF123580910000F6D9FF5010F4
:2038880014FFDF1F2E00910000F6D9FF78B054F0DA0F3E07910000F6D9FF78B054FFEE1907
:2038A800910000F6D9FFB05014FFEE13910000F6D9FFB45014FFEE0D910000F6D9FF189015
:2038C80091000026D92218904C22C21F6CF23C07910000F6D9FF1890DA006CF23C07910083
:2038E80000F6D9FF1890DA006CF20090910000F6D9FF1890483F910000F6D9FF7C0054F0D5
:203908006B00310F910000F6D9FF349014FF1E18910000F6D9FF349014FFDF2F268091000D
:2039280000F6D9FF10B0DA0034FF6D006600910000F6D9FF4C1014FFDE166D0027026DFF4D
:2039480095FC91000026D9221090910000F6D9FF1890483F742F910000F6D9FF14907B804D
:203968003CF474FF3C48910000F6D9FF349014FFDE3A910000F6D9FF3CA0DA0074FF9100B1
:2039880000F6D9FF10B0DA0134FFBB0000FC9BFF50F44BF001F016068B0F20F26E036DFF1D
:2039A80065FC3C29910000F6D9FF349014FFDE47910000F6D9FF3CA0DA0074FF910000F6CF
:2039C800D9FF10B0DA0134FFDA004BF001F016068B0F20F26E036DFF49FC3C0D910000F679
:2039E800D9FF3CA0DA0074FF910000F6D9FF10B0DA0134FF0090910000F6D9FF1890483F73
:203A0800910000F6D9FF7C0054F06B00310F910000F6D9FF349014F1DA013E16DA025F1F23
:203A28007C001D00F400910000F6D9FF4C1014FFEE6C910000F6D9FF50C014FFEE3D91008B
:203A480000F6D9FF3CA0DA0074FF910000F6D9FF401054FF4BF001F016068B0F20F26E2BD8
:203A6800910000F6D9FF50C0DA0134FF910000F6D9FFB050DA0134FF910000F6D9FF14B031
:203A8800DA0074FF910000F6D9FF40C0DA0074FF910000F6D9FF44C0DA0034FF91000046DE
:203AA800D94400006D000E71910000F6D9FF1890DA006CF43C297B402B4C6D00D0037B4022
:203AC8002B4C6DFF65FDDF022000910000F6D9FF3CA0DA0074FF910000F6D9FFB050DA00D7
:203AE80034FF910000F6D9FF4C10DA0134FF910000F6D9FF50C0DA0034FF910000F6D9FFE7
:203B080014B0DA0074FF3C07910000F6D9FF3CA0DA0074FF3C7B910000F6D9FF4C1014FF3C
:203B2800EE6E910000F6D9FF50C014FFEE3F910000F6D9FF3CA0DA0074FF910000F6D9FF8B
:203B4800401054FF4BF001F016068B0F20F26E2D910000F6D9FF50C0DA0134FF910000F627
:203B6800D9FFB450DA0134FF910000F6D9FF14B0DA0074FF910000F6D9FF40C0DA0074FF37
:203B8800910000F6D9FF44C0DA0034FF91000046D94400006D009670910000F6D9FF18903F
:203BA800DA006CF46D0009793C297B402B446D0056037B402B446DFFEBFCDF022000910070
:203BC80000F6D9FF3CA0DA0074FF910000F6D9FFB450DA0034FF910000F6D9FF4C10DA01E0
:203BE80034FF910000F6D9FF50C0DA0034FF910000F6D9FF14B0DA0074FF3C07910000F6D4
:203C0800D9FF3CA0DA0074FF3C010090910000F6D9FF78B054FFBF1F2800910000F6D9FF8F
:203C2800780091000026D9227CA0542091000026D92278B0542FC2FF534F20F0910000263B
:203C4800D9227CA01022542F42F0DA024BF0010274F0910000F6D9FF34D091000026D922CB
:203C68003CA0542F74FF910000F6D9FF78B054FFFF2F0900910000F6D9FF3CA0DA0074FFD1
:203C88003C41910000F6D9FF600091000026D9227CA0542F74FF910000F6D9FF68209100A4
:203CA8000026D92278B0542FC2FF534F20F091000026D9227CA01022542F74FF910000F640
:203CC800D9FF3CA091000026D9227CA0542F532F20F091000026D92218A010229420910064
:203CE8000026D9226820542F532F20F091000026D92218A01022942F42F0DA024BF0010253
:203D080074F06DFF4DFA76236DFF98F70090910000F6D9FF00B009F00008DA157FF03500BD
:203D2800910000F6D9FF28D014FFFF5F2E80910000F6D9FF18904830910000F6D9FF349063
:203D480014FF1E17910000F6D9FF349014FF5E257B802CFC6B0F2100910000F6D9FF28D045
:203D680014FF534F20F0910000F6D9FF00B009F1000853412110910000F6D9FF742001F1BB
:203D880000F610FF74F00090910000F6D9FFB43009F0C008DA783FF003803C38910000F61F
:203DA800D9FF4CC054FF910000F6D9FF08F054F06B00310FDA004BF001F0370F61F06E0271
:203DC8008200910000F6D9FFB43009FFC008534F20F0910000F6D9FF54C010FF74F091001D
:203DE80000F6D9FFB43091000026D922B430092FC008C21FB4FF910000F6D9FF08F09100F7
:203E08000026D92278A0542F74FF0090910000F6D9FF14B0DA0074FF910000F6D9FF40C00C
:203E2800DA0074FF910000F6D9FF44C0DA0034FF910000F6D9FF3CA0DA0074FF910000F6AE
:203E4800D9FFBC40DA0074FF91000046D9441CC06D00386F91000046D94418B06D00326F8B
:203E680091000046D94400006D002C6F91000046D944B8306D00266F910000F6D9FF20D011
:203E8800DA0074FF910000F6D9FF0CF0DA0074FF910000F6D9FF5410DA0074FF910000F68E
:203EA800D9FF1890DA0074FF910000F6D9FF1890DA006CF1910000F6D9FFB050DA0034FF83
:203EC800910000F6D9FFB450DA0034FF910000F6D9FF50C0DA0034FF91000026D92210909C
:203EE800910000F6D9FF1890483F742F910000F6D9FF14907B6031F474FF910000F6D9FFB4
:203F08006C20DA0034FF0090910000F6D9FF988054FFBBD0CC0C9B4013044B0F01F0370FC0
:203F280061F06E22910000F6D9FF885091000026D9228850142FC21F34FF910000F6D9FF21
:203F4800885014FF3B803E003F0F0E00910000F6D9FF70A0DA0174FF910000F6D9FF845029
:203F6800DA0134FF3C07910000F6D9FF8850DA0034FF910000F6D9FF1890482F3B000500E6
:203F88007FF00800910000F6D9FF70A0DA0174FF910000F6D9FF08B054FF5E1C910000F67A
:203FA800D9FF04B091000026D92204B0542FC21F74FF910000F6D9FF04B054F0DAC87F0FA9
:203FC8001800910000F6D9FF70A054FFEE11910000F6D9FF70A0DA0174FF910000F6D9FFE4
:203FE800501014FFEE056D00EC006D00A700910000F6D9FF70A054FF6E7D3BB00540820582
:204008006D00DE823BA0094082056D00D9823BC0084082056D00D4823B30094082056D0023
:20402800CF823B50054082056D00CA823B80044082056D00C582910000F6D9FF0CF0DA00A8
:2040480074FF910000F6D9FF5410DA0074FF910000F6D9FF5800DA0074FF910000F6D9FF72
:204068006020DA0074FF91000046D94414F06D00296E91000046D9445C106D00236E910080
:2040880000F6D9FF845014FF6E08910000F6D9FF9450DA0234FF3C2D910000F6D9FF805003
:2040A80091000026D9228050092FC008C21FB4FF910000F6D9FF805009F0C008DAC83FF021
:2040C8000880910000F6D9FF8050DA00B4FF910000F6D9FF805009F0C008DA3C7FF004809B
:2040E800DA013C02DA00910000F6D9FF945034FF3C07910000F6D9FF8050DA00B4FF0090C0
:204108000B4510880B6710A8404FDA003C13129502846D00547A1295530F24005340200085
:2041280001F00046028402B66D00C37AC21F370F68F03FAFEEFF0090D9AAC80F910000F88B
:20414800D9FF2C0049FF000A49A2000AC5043D1044FF642FFC4E910000F8D9FF101249FF0B
:20416800000A49A2387AC5043F1044FF642FFC4E49A4000A91000056D95574203B401A40E3
:204188006D00676B49A4246A91000056D95558903B4005406D005D6B49A4387A49A5000AD4
:2041A8003B801F406D00556B82043B80005082263B00047049A4387A6DFFA4FF0090D9AA07
:2041C80098CF910000F8D9FF248049FF000A49A2000AC504381044FF642FFC4E910000F86A
:2041E800D9FF109249FF000A49A2247AC5043F2044FF642FFC4E910000F6D9FFB43009FFCF
:20420800C008B4AF49A4020A91000056D95554C03B001E406D001D6B49A4247A49A5000A38
:204228003B401E406D00156B8204825582363B00047049A4247A6DFF65FF0090910000F67A
:20424800D9FF081054FFCEF382023C07910000F6D9FF081054F23C01009091000046D9440D
:204268000000910000F6D9FF14B054F56D00876B910000F6D9FF20D091000046D9441CC04C
:2042880091000026D92224D0542502246D00776B74F2910000F6D9FF0CF091000026D9220F
:2042A8000810542F91000026D92220D054204B003101420F74FF910000F6D9FF54109100B0
:2042C8000026D9220810542F91000026D92220D054204B003101A20F74FF910000F6D9FF04
:2042E80040C091000026D92214B0542F74FF00900248910000F6D9FF14B0820074F09100D6
:2043080000F6D9FF40C0820074F0910000F6D9FF44C0820034F091000046D94400006D0077
:20432800D16C910000F6D9FF4C10820034F0910000F6D9FF7CB0820034F0910000F6D9FF47
:2043480050C0820034F0910000F6D9FF1890DA006CF4910000F6D9FF1890DA006CF391008D
:2043680000F6D9FF7C00DA0074FF910000F6D9FF74A0DA0034FFDA005F8F5400DA013E8564
:20438800DA025F8F29003C4D910000F6D9FF6C20DA0134FF910000F6D9FFB050DA0134FF33
:2043A800910000F6D9FFB450DA0034FF910000F6D9FF48C07B402BFC74FF910000F6D9FF6A
:2043C8004CC091000026D92278A0542F74FF6D00F4743C34910000F6D9FF6C20DA0234FFCA
:2043E800910000F6D9FFB050DA0034FF910000F6D9FFB450DA0134FF910000F6D9FF48C071
:204408007B402BF474FF910000F6D9FF4CC091000026D92278A0542F74FF6D00CE743C0E23
:20442800910000F6D9FF74A0DA0134FF910000F6D9FF6C20DA0434FF3C010090910000F6A3
:20444800D9FF38A054FFBF1F3A00910000F6D9FF38A091000026D92238A0542FC2FF74FFC1
:204468003BB005403B0053526D00AA803BA0094082056D00A5803BC0084082056D00A080F9
:204488003B30094082056D009B803B50054082056D0096803B80044082056D0091809100E2
:2044A8000046D94414F06D000D6C91000046D9445C106D00076C1D00DA003B7028406D00F0
:2044C8002D7ADF121480910000F6D9FF70A054FFEE0D3BB005403BC051526D0071803BA0E4
:2044E800094082056D006C803C0B3BB0054082056D0066803BA0094082056D0061803B7096
:2045080028406D000B7ADF129280910000F6D9FF70A054FFDF0F8B80910000F6D9FF5800C4
:2045280054FF370FE8FBBA0F6E0C3BC0084082056D0046803B30094082056D0041803C31E1
:20454800910000F6D9FF580054FF82004B0F01F06F2F16803BC008403B0071526D003080EA
:204568003B300940910000F6D9FF580054FFB70F81FF4B0F71516D0023803C133BC0084071
:2045880082056D001D803B300940910000F6D9FF580054FFB70F81FF4B0F71516D00108065
:2045A800910000F6D9FF602054FF370FE8FBBA0F6E0C3B50054082056D0002803B80044010
:2045C80082056D00FD7F3C31910000F6D9FF602054FF82004B0F01F06F2F16803B500540F3
:2045E8003B0071526D00EC7F3B800440910000F6D9FF602054FFB70F81FF4B0F71516D00DD
:20460800DF7F3C133B50054082056D00D97F3B800440910000F6D9FF602054FFB70F81FF52
:204628004B0F71516D00CC7F3C213BC0084082056D00C67F3B30094082056D00C17F3B5052
:20464800054082056D00BC7F3B80044082056D00B77F91000046D94414F06D00336B910021
:204668000046D9445C106D002D6B0090910000F6D9FF5800DA0074FF910000F6D9FF6020EB
:20468800DA0074FF3B7028406D004879BA12EE39910000F6D9FF8C50DA0074FF910000F682
:2046A800D9FFBC40DA0074FF910000F6D9FF20D0DA0074FF910000F6D9FF9050DA0034FFE9
:2046C800910000F6D9FF0CF0DA0074FF910000F6D9FF5410DA0074FF91000046D944B8303E
:2046E8006D00F06A91000046D9441CC06D00EA6A91000046D94418B06D00E46A1D00320193
:20470800910000F6D9FF70206DFF9AFD74F2910000F6D9FFB05014FF1E17910000F6D9FF33
:20472800B45014FFDE1B910000F6D9FF8C50DA0074FF910000F6D9FF9050DA0034FF9100FC
:204748000046D94418B06D00BD6A91000046D944B8306D00B76A1D00A000910000F6D9FF0C
:2047680010B014FF6E37910000F6D9FF905014FFEE1391000046D94418B06D00A36A91009F
:204788000046D944B8306D009D6A910000F6D9FF8C50DA0074FF910000F6D9FF9050DA01B0
:2047A80034FF910000F6D9FFBC40DA0074FF910000F6D9FF20D091000046D9441CC0820471
:2047C80091000026D92224D054256D00D86874F23C2F910000F6D9FF9050DA0034FF910057
:2047E80000F6D9FFBC4091000046D9440000820491000026D9223CA0542F4B0F41516D0003
:20480800BE6874F2910000F6D9FF20D091000046D9441CC091000026D922BC40542491002E
:204828000026D92224D054256D00A96874F2910000F6D9FF8C5091000026D92220D0542F9E
:2048480074FF910000F6D9FF0CF091000026D9227020542F4B0F41F191000026D92220D08F
:2048680054206B0021FF4B0F31F174FF910000F6D9FF541091000026D9227020542F4B0F60
:2048880041F191000026D92220D054206B0031FF4B0F31F174FF3B7028406D003F78DF1216
:2048A8002980910000F6D9FF041091000026D9225C00542F91000026D92264205420420F48
:2048C8004B0F41F17B0000044B0F51F074FF91000026D9221890910000F6D9FF1890484FBF
:2048E800910000F6D9FF041054F06B0021FF6C243B7028406D001278DF123480910000F6A8
:20490800D9FF580091000046D94414F091000026D9220CF0542F4B0F414191000026D922A8
:204928005C00542F4B0F41516D00296874F2910000F6D9FF602091000046D9445C10910070
:204948000026D9225410542F4B0F414191000026D9226420542F4B0F41516D00106874F27B
:204968000090910000F6D9FF3CA0DA0074FF910000F6D9FF78006DFFDCF574F2910000F616
:20498800D9FF78B054FFFF5F2400910000F6D9FF78B054FFBF2F1D00910000F6D9FF78007E
:2049A80054FFBF4F1600910000F6D9FF780054F0DA0B7FF00E00910000F6D9FF1890910063
:2049C8000026D92218904C25C21F6CF53C07910000F6D9FF1890DA006CF5910000F6D9FF6F
:2049E8001890485FBF1F2300910000F6D9FF74A014FF6E106DFF3AF4910000F6D9FF74A04E
:204A0800DA0034FF910000F6D9FF1890DA006CF53C0D910000F6D9FF6C20DA0034FF91006D
:204A280000F6D9FF1890DA006CF500906D005033910000F6D9FF7CB014FF6E023C7D9100E5
:204A480000F6D9FF501014FFEE60910000F6D9FF50C014FFEE42910000F6D9FF3CA0DA00F8
:204A680074FF910000F6D9FF1890483F910000F6D9FF441054F04B0F01F016068B0F20F223
:204A88006E2B910000F6D9FF50C0DA0134FF910000F6D9FFB050DA0134FF910000F6D9FF2C
:204AA80014B0DA0074FF910000F6D9FF40C0DA0074FF910000F6D9FF44C0DA0034FF910030
:204AC8000046D94400006D00FD68910000F6D9FF1890DA006CF43C18910000F6D9FF3CA0C9
:204AE800DA0074FF910000F6D9FF48C054F46DFFB6FB910000F6D9FF48C054F46DFF48F53D
:204B080076236DFFA6F33C18910000F6D9FF3CA0DA0074FF910000F6D9FF48C054F46DFFF8
:204B28009EFB910000F6D9FF48C054F46DFF30F576236DFF8EF30090910000F6D9FF7CB0F3
:204B480014FF6E023C7D910000F6D9FF501014FFEE60910000F6D9FF50C014FFEE429100AE
:204B680000F6D9FF3CA0DA0074FF910000F6D9FF1890483F910000F6D9FF441054F04B0F57
:204B880001F016068B0F20F26E2B910000F6D9FF50C0DA0134FF910000F6D9FFB450DA0100
:204BA80034FF910000F6D9FF14B0DA0074FF910000F6D9FF40C0DA0074FF910000F6D9FF3F
:204BC80044C0DA0034FF91000046D94400006D007968910000F6D9FF1890DA006CF43C18E5
:204BE800910000F6D9FF3CA0DA0074FF910000F6D9FF48C054F46DFF32FB910000F6D9FF7E
:204C080048C054F46DFFC4F476236DFF22F33C18910000F6D9FF3CA0DA0074FF910000F69B
:204C2800D9FF48C054F46DFF1AFB910000F6D9FF48C054F46DFFACF476236DFF0AF3009076
:204C48008224823582366D00BF738204821582166D00BA730090910000F6D9FF80603BE05F
:204C680002406D00AB70A8E2910000F6D9FF80603BC002406D00A270A8D2910000F6D9FF04
:204C880080603BA002406D009970A8C2910000F6D9FF80603B6002406D009070A8B29100BB
:204CA80000F6D9FF80603B4002406D008770A8A2910000F6D9FF80603B9001406D007E702D
:204CC800A892910000F6D9FF80603B5001406D007570A882910000F6D9FF80603B10014040
:204CE8006D006C70A872910000F6D9FF80603BD000406D006370A862910000F6D9FF806036
:204D08003BB000406D005A70A852910000F6D9FF80603B8000406D005170A842910000F656
:204D2800D9FF806082646D004970A832910000F6D9FF806082446D004170A822910000F659
:204D4800D9FF806082246D003970A812910000F6D9FF806082046D003170B4F2910000F61D
:204D6800D9FFBC503BA000406D0028704B0261F13B3033039B3005044B0F41F0BB000009C4
:204D88009B9049044B0F51F074FF82546D0016704B0261F13B3033039B3005044B0F41F01D
:204DA8007B0013044B0F41F0BB00000F9BF057044B0F51F03B906E029B10F1036B00210F0E
:204DC800910000F6D9FF988054FF6B0031FF7B00F0134B1F01F0370F61F16E06910000F6FA
:204DE800D9FF988054F0910000F6D9FF988091000026D9229880542F6CF1910000F6D9FFF7
:204E0800988074F091000026D9229880910000F6D9FF9880481FBBA099099B90E9039100C1
:204E280000F6D9FF988054F13B3033239B32F3234B2141106B0F61F1742F00906DFF0DFF67
:204E480082013C61532120F0910000F6D9FF806010FF09F0C008534120F0910000F6D9FF94
:204E6800A06010FF54FF7F0F2000532120F0910000F6D9FF806010FF09FFC0083B80380184
:204E88007F0F1380534120F0910000F6D9FFA06010FF532120F091000026D922806010228F
:204EA800092FC00874FF532120F0910000F6D9FF806010FF09F0C008534120F0910000F6B9
:204EC800D9FF9C7010FF54FF7FF01D00532120F0910000F6D9FF806010FF09FFC0086E12D6
:204EE800534120F0910000F6D9FF9C7010FF532120F091000026D92280601022092FC00844
:204F080074FFC211BFF1A0FF82013C74534120F0910000F6D9FFA06010FF54F0534120F0C7
:204F2800910000F6D9FF9C7010FF54FFA2F0370070F0EE01534120F0910000F6D9FFA06081
:204F480010FF54F0534120F0910000F6D9FF9C7010FF54FFA2F04B0041F17B000C044B0F91
:204F680041F07B0011044B0F5100534120F0910000F6D9FF9C7010FF54FF4B0F41F16B0F46
:204F88002120534120F0910000F6D9FFA06010FF54F0534120F0910000F6D9FF9C7010FF54
:204FA80054FFA2F04B0041F17B000A044B0F41F07B0011044B0F5100534120F0910000F60D
:204FC800D9FF9C7010FF54FF4B0F41F16B0F2100538120F0910000F6D9FF80C010FF74F264
:204FE800538120F0910000F6D9FF80C010FF6810C211BFF18DFF00903BE0024082256D008F
:205008000A6F3BC0024082256D00056F3BA0024082256D00006F3B60024082256D00FB6E50
:205028003B40024082256D00F66E3B90014082256D00F16E3B50014082256D00EC6E3B102F
:20504800014082256D00E76E3BD0004082256D00E26E3BB0004082256D00DD6E3B8000406A
:2050680082256D00D86E826482256D00D46E824482256D00D06E822482256D00CC6E820400
:2050880082256D00C86E00903BC008403B0053573B0071626D00E9793B5005403B00535774
:2050A8003B0071626D00E1793B3009403B00535782066D00DA793B8004403B0053578206C6
:2050C8006D00D3793BA009403B50C35006553B0071626D00CA793BB005403B50C35006550B
:2050E80082066D00C2793BA000406D00E16F00906D0099613B4042408215820682376D0067
:205108001D743B7028408205820682276D0016743B302C408205820682276D000F748254DF
:2051280082256D00786E3BA0004082256D00736E0090209049A4000A82043B0005506D00A3
:20514800BA6382003C11534020F010AF532020F091000026D92280601022092FC0084B0F58
:2051680061F174FFC210DA0F3FF0EF7F82003C26534020F010AF534020F010A2142F89FFA4
:205188001018534020F010A2534020F010AF081F892F1118534020F010A2534020F010AF69
:2051A800082F892F1218534020F010A2534020F010AF083F892F1318C210DA0F3FF0DA7FAA
:2051C800DA0089AF0C28DA0089AF0D28DA8089AF0E28DA7F89AF0F28822449A4101A3B00B2
:2051E80004506D00E8873C01009049AA289A49A4000A82043B800C506D005D63910000F6AD
:20520800D9FFB43009F1C008820082023C0C910000F8D9FF7C8201F200F614FF42F03700F6
:205228007000C212DA117F2FF4FF820482003C11534420F010AF534020F091000026D92286
:2052480054C01022542F74FFC21037007000C2147F100580DA323FF4EDFF82003C24910009
:2052680000F8D9FF7C8201F000F614F282013C15534420F010AF534120F053402130910018
:205288000026D9227420012300261022542F74FFC21137016810C2147F210580DA323FF422
:2052A800E9FFC210DA113F0F0580DA323FF4D9FF82003C28534020F010AF534020F010A2BA
:2052C800142F89FF0838534020F010A2534020F010AF081F892F0938534020F010A25340FC
:2052E80020F010AF082F892F0A38534020F010A2534020F010AF083F892F0B38C2103700A4
:2053080070003F40D9FF534420F010AFDA0089FF0838534420F010AFDA0089FF0938534416
:2053280020F010AFDA8089FF0A38534420F010AFDA7F89FF0B38DA0049A4083A53442050D8
:20534800C24502F46D0037870090FF440B00538420F0910000F8D9FF78A010FFD4F23C02CC
:20536800A0023C010090094F4C18161F3C0182003E0E82103E0E82203E0F8240BE003B80B2
:205388000000BE003B000100BE003C1282023C126D009E203C0F6D00E71F3C0C6D000B2064
:2053A8003C096D006F1F3C066D00581F3C0382023C013C01009082F282003C17538020F086
:2053C800910000F8D9FF78A010FFD4FF7D4F0D80538020F0910000F8D9FF78A010FF481F3F
:2053E800370F48203C04C210BF40EAFF3C010090404F40F46DFFB9FF09FFD408370F6CF0C3
:20540800C21F4B0F41F14BF251203C0100906DFFD4FF53C220F060FF9140003F30F3D93F8E
:20542800002849F2080A3C0100906DFFC6FF53C220F060FF9140003F30F3D9320028B04215
:205448003C0100906DFFB9FF53C220F060FF9140003F30F3D93200283C010090494F081AE2
:205468003C0554FF345FB015C2F4FF14FCFF02423C0100902010404F0B541088026A89A711
:20548800080909FF4C18161F78033C0140F46DFFB1FFC2188B4860F3370F68F074AF8B1AE4
:2054A80060F3370F68F0780154AF4B0F61F14BF941503BF026F19B3FA8F34BF54130820408
:2054C8004B5251004B00716182108F461FF06E0D7B0018144B1941104B1251104B017111E0
:2054E8008F411FF06E023C010269821882074B0061014B0241F04B0661014B0F51006B0096
:2055080031F582014B1F01F0AE046B0031B53C056B0031F567FFBFBF4B3B01F016038B0F9C
:2055280020F26E028214822D3C39DF2D05808210821E3C0773D70A004B8011028B1000E074
:205548003C234B0D61A14BA241A0036D0AC04B0C61F14BFA51C06B0C31F5820A4BAF01F06F
:20556800AE046B0C31A53C056B0C31F567FFBFAF4BAB01F0370F61F16E0602AB02D8036D88
:205588000A900207C2107F0EDEFF4B3B01F016038B0F20F26E023C09C21DF647736D0AF03D
:2055A8003BF0FF007FF0C3FF820440F46D00360009FFE00837097000370F0CF089FFA00819
:2055C80009FFE20837087000370F0CF089FFA20809F0560854AFC2FF370F68F037F004F0DA
:2055E80089FF160809F05708580137F004F089FF170858026E03DA013C02DA0009F0570874
:2056080037F081F389FF170840F409A40C096D00050082123C010090094F4C18374F05F040
:20562800894F0C18F6493C01094F4F18370FE1F33C01EEFB3C093C01094F4F18370FE1F390
:205648003C01DF1FFBFF0090494F041A3C0A145F74FFB015C2F43C010C4E161FFF1FFE7FB9
:20566800FF14F7FF02423C0100902008F4A4405DD4DFF44F40F46D00E00B820440F46DFF03
:20568800CDFFDA0009F05A0837F002F089FF1A0809DFC80809F0D408C2FF370F70F037F023
:2056A8000CF0ACFA09D46C0840F46DFFB7FF09D4040909D54A0809D64D0809D74C0840F4E3
:2056C8006DFFDAFE0228820440F46DFFA7FF09DF7C086E0382103C028200087F370F01F299
:2056E8002CF709DF56086E03DA013C02DA0009F05B0837F001F389FF1B0809DF540809F076
:205708005B0837F081F389FF1B0809DF510809F0590837F083F089FF190809DF530809F0BE
:205728005B0837F001F289FF1B0809DF550809F05C0837F004F089FF1C0809D0580808CFC0
:20574800370F02F32CFC09DF590809F0500837F002F389FF100809DF500809F0D80837F048
:2057680003F3ACFC09D05A0808DF8BF0200337006800370F04F02CFD09DF5B0809F0510824
:205788008BFF20F3370F68F037F004F089FF110809DF520809F05A0837F002F089FF1A08AA
:2057A80009DCA809BD0C7900D4CEBD0E280009C0040809C95D084CE16E2109E4840909E445
:2057C8004808370068506D00460E09E4840909E4480802956D00710ED4E2DA016E038210F3
:2057E8003C0282000C27370F81F22C27D4E20CEC0920460837F002F02C2609CE8809BD0EDF
:205808001E0009C00C0809C95D084CE16E1709E4840909E44808370068506D001C0E09E472
:20582800840909E4480802956D00470ED4E20CEC0920440837F003F02C2409CE9009BD0E75
:20584800150009C5540809C95D0809E4840909E448080CECA6F56D00FE0D09E4840909E4A1
:20586800480802956D00290E09CE9809BD0E150009C55C0809C95D0809E4840909E448081D
:205888000CECA6F56D00E70D09E4840909E4480802956D00120E09D46C0840F46DFFBEFE84
:2058A800DA0089FF001982FF6CFFDA00D4A22C2E09DF6D082E0CDA016E03DA013C02DA00F9
:2058C80009F0421837F001F089FF021809DF6D082E1CDA016E03DA013C02DA0009F042187A
:2058E80037F001F189FF021809DF6D082E2CDA016E03DA013C02DA0009F0431837F001F182
:2059080089FF031809DF6D082E3CDA016E03DA013C02DA0009F0431837F081F189FF031846
:2059280009DF6D082E4CDA016E03DA013C02DA0009F0431837F001F389FF0318DA002C2D04
:20594800DA002C2C09DF7D082C2FD20089205409DA006C240C2F82003E0482103E043C06EE
:2059680082193C063BC000903C0382093C014CDC6E0C09D4B00909D4AE0802956D00E628D3
:20598800D4A4894284093C0909D4AE0802956D00C928D4A4894284094CDE6E0C09D4B80950
:2059A80009D4B40802956D00D128D4A4894288093C0909D4B40802956D00B428D4A4894274
:2059C800880909D9660809DFE208EE03DF39228040F46DFF2CFD09DFE2081420370F68F0F4
:2059E80037F008F0342F0C21379F82F12C210C2396022C23DA016E03DA013C02DA0009F00C
:205A0800431837F001F289FF03180C2196042C2109DFE008EE03DF39228040F46DFF14FD26
:205A280009DFE0081420370F68F037F008F0342F0C21379F82F12C210C2396022C23DA0186
:205A48006E03DA013C02DA0009F0431837F081F389FF03180C2196042C2109DFE4086E21D1
:205A680040F46DFFD6FC09DFE4081420370F68F037F008F0342F0C21379F82F12C210C2392
:205A880096022C23DA016E03DA013C02DA0009F0421837F001F089FF02180C2196042C21B7
:205AA800DA016E03DA013C02DA0009F0500837F081F089FF1008DA016E0382103C02820078
:205AC80008CF370F81F02CFC09FF5008960189FF100808CF96012CFC02823C010090F44551
:205AE800DA00894F3C08DA01894F2C08DA01AC447B107EF46C41DA032C4ADA002C4CDA03CA
:205B08002C4DDA00894F1008DA01894F1108DA01894F1208DA00894F1308DA00894F160804
:205B2800DA00894F1408DA07894F1508DA01894F1808DA01894F1908DA00894F1A08DA0064
:205B4800894F1B08DA00894F1C08DA00894FA208DA00894FA008DA00894FA408DA00894FA6
:205B68002608DAFF894F2D08A00FEC4AA00FEC4EA00FEC4CDA00894FAE08DA00894FB4087E
:205B8800DA00894F3D080090D44F09FF760816013C016E0909FF7E08960189FF3E080C4EB5
:205BA80096012C4E09FF7608370F61F13C016E0909FF7E08960489FF3E080C4E96022C4E98
:205BC80009FF7708370F61F13C016E0909FF7F08960489FF3F080C4E96042C4E09FF7708FD
:205BE800370FE1F13C016E0909FF7F08960889FF3F080C4E96082C4E09FF7708370F61F342
:205C08003C016E0909FF7F08964089FF3F080C4E96102C4E0090404F6D007D20022F02F4CA
:205C28006D00791F821074F002F46D0094203C0114FF370FE1F0BA0F3C01DF1FFB7F0090D5
:205C4800404F6D006820022F02F46D00641F14F0B700010034F002F46D007D203C0114FF71
:205C6800370FE1F0BA0F3C016EFB0090FF240B00538420F0910000F8D9FF7CC010FFD4F27F
:205C88003C02A0023C01009082F282003C17538020F0910000F8D9FF7CC010FFD4FF7D4FD8
:205CA8000D80538020F0910000F8D9FF7CC010FF481F370F48203C04C210BF20EAFF3C0194
:205CC800009002486DFFE2FF914000FFD9FF6008530221F010FF534820F010F23C01009096
:205CE8007643DF140980094F6C28375F02F0894F2C283C42DF240400DF340980094F6C28BA
:205D0800375F02F1894F2C283C37DF440400DF540980094F6C28375F02F2894F2C283C2C66
:205D2800DA0C7E48094F6C28375F02F3894F2C283C23DA0A3E43DA0D7E48094F6D28375F18
:205D480002F0894F2D283C18DF640400DF740980094F6D28375F02F1894F2D283C0DDA08D7
:205D68003E43DA097E48094F6D28375F02F2894F2D283C0200A00090404F0B451088026AFC
:205D88006D00A61B022B4B8B51406D000850022082033C0782224B200102F6023C05C2136A
:205DA800DA103FF3F9FFDA107FF34B8076A682204B0911029AF03C029AF9370F700009F170
:205DC800E4083701100089F0A408DA018200820137F101133701011789F138198F7300F138
:205DE80082005380201082700F10000009F2301982F4C64026020F1F00F0A6F289F23019A3
:205E08008F8300F18B0F20F26E0DDA00538F20F0C23F82100FF0000009FF3019A60F89FF64
:205E2800301909FF701837AF81F389FF3018DA010F3F00F04B0F61F14BFB51203C02820219
:205E48003C010090094054080C5C8B4FA0F237F001F3894F1408094051080C5C37F002F3BF
:205E6800894F11080090404F024F02586D00301B02294BF951406D00924F022082033C076F
:205E880082224B200102F6023C05C213DA103FF3F9FFDA107FF33F80C2F83708700009F148
:205EA800D4183701100089F09418820082118202370201233712012789F238198F7300F15B
:205EC80082105380201082700F10000009F2301982F4C64026020F1F00F0A6F289F23019B2
:205EE8008F8300F18B0F20F26E0DDA01538F20F0C23F82100FF0000009FF3019A60F89FF83
:205F08003019DA010F3F00F04B0F61F14BF951203C0282023C010090094054080C5C8B4F40
:205F2800A0F237F081F3894F1408094054080C5C37F002F0894F14080090404D405FC86C2E
:205F480089DC900914CF370FE1F0BA0F3C01EE0440C46DFF77FE09FF5C081E1409FF5D0859
:205F68006E5CDA0182100FF000004CC1260F6E03DA013C02DA003C01EE08DA0182100FF09E
:205F880000004CC1A60F6CC109FF69086E2248BF6E05C864C8B56DFFC1FFDA0109F0700866
:205FA800532F2010C22182320F1200204CC582F3C632262F0F100000A60F6CC5483F370FAA
:205FC80070F009C0D41837F010F089CF94183C064824483540C46DFF48FF09FFF80809C0C6
:205FE800D01837F010F089CF901809FF5D186E1409FF5D08EE1109FF7A0809C0741837F019
:2060080003F189CF341809FF7B0809C0741837F082F289CF34183C0109FF5C086E0709FF9B
:206028005D18EE0409FF5D086E644818820182100F1000004CC126F07603DA013C02DA008F
:206048003C01EE08820082110F0100104CC1A61F6CC109FF5D186E0B09FF5D08EE08484FE1
:206068006E0609FF7A085E5248483C0109FF60086E31489F6E05C864C8956DFFE5FEDA0082
:2060880009F06808532F20F09221DA030F1F00204CC582F3C632262F0F100000A60F6CC547
:2060A80009FF740809C0701837F081F389CF301809FF74085E16DA024BF811028BF01F8084
:2060C800370870F009C0E40837F010F089CFA4083C0854F409F6740840C402856DFF4EFEEF
:2060E80009FFF60809C0E00837F010F089CFA00809FEA019BD0E2300D4ECBCCF09EF0808B9
:2061080009C4840909C44808370F68506D00A309D4C440C56DFF98FE09EC8409BCCF09EF45
:20612800080809C4840909C44808370F68506D009209D4C440C56DFFF1FE09FFFE086E2C2A
:20614800C86209F07C08DA010F0F00F009203029A6F089203029C86409F47C0809F57D085D
:206168006DFFC0FDC86409F47D086DFFACFD09F0401809FFFE081421370F68F037F108F0D9
:20618800342F0C21370F82F12C210C2396022C230C2196042C2109FFC4186E2CC86209F096
:2061A8004218DA010F0F00F009203029A6F089203029C86409F4421809F543186DFF92FDA3
:2061C800C86409F443186DFF7EFD09F0461809FFC4181421370F68F037F108F0342F0C218E
:2061E800370F82F12C210C2396022C230C2196042C2109FFCA186E2CC86209F04818DA0185
:206208000F0F00F009203029A6F089203029C86409F4481809F549186DFF64FDC86409F470
:2062280049186DFF50FD09F04C1809FFCA181421370F68F037F108F0342F0C21370F82F1B9
:206248002C210C2396022C230C2196042C2109FFD0186E2CC86209F04E18DA010F0F00F0C3
:2062680009203029A6F089203029C86409F44E1809F54F186DFF36FDC86409F44F186DFF6D
:2062880022FD09F0521809FFD0181421370F68F037F108F0342F0C21370F82F12C210C23CC
:2062A80096022C230C2196042C2109FF5C0889DF140849FF141A49D2180AA02444FF642F9E
:2062C800FC4E00902068910000F8D9FF58B049FF000A49A2000AC506180044FF642FFC6E81
:2062E80049AF000A4942000AC506180044FF642FFC6E894598090090404F09FF5408DF1FEC
:206308003780C842DA008210820137F10113370101178921381909FF6108EE28487F6E1B67
:20632800C842821009FF6008532020008B80001082300F1000000922341982F3C6302602BF
:206348000F1F00F0A6F289223419C844C8756DFFE5FD3C0BC842DA008210820137F18110F7
:2063680037018114892138193C013C0109FF54086E0409FF61086E32C842DA018200820102
:2063880037F101133701011789213819486F6E1BC842820009FF6008532020008B80001084
:2063A80082300F1000000922341982F3C63026020F1F00F0A6F289223419C844C8656DFFA6
:2063C80043FD3C0BC84FDA018200820137F181103701811489F138193C010090404F40F456
:2063E8006D002F0082504DC0E1FF16073C013E289110003030F3D933C04F54313C034D005A
:20640800D01F3701E2F05E1382003C173701E2F0EE13534220F060FF9130003F30F3D93FEB
:206428001436081F16075E1382103C05081F16075E3282203C02825002023C010090822287
:2064480082003C17538020F0910000F8D9FF4CD010FFD4FF7D4F0D80538020F0910000F858
:20646800D9FF4CD010FF481F370F68203C04C210BF20EAFF3C010090404F024F40F46DFFB5
:20648800E0FF02286E031E325E4382093C0282195E23821A3C02820ADF1949804DC0E1FF90
:2064A80016073C015F8F28006D00491C022802846D00591B913000CFD9CC143640F46DFFE2
:2064C800C0FF534220F010C2142F37AF02F0342F02846D00671C9110003030F3D933C04F7B
:2064E800543FB72F82F09110003030F3D933C04F743F3C1C6D000F1C022B02B46D000B1B81
:20650800913000FFD9FF1436534820F010FF9130002FD9221436534820F01022142F37AF9C
:2065280002F034FF02B46D00161C02923C01009082124DC0E1FF16073C01FF2F0B80538F02
:2065480020F0910000F8D9FF4CD010FFD4FF3C02A00F3C017DF4048082023C109110003004
:2065680030434933088A543F06F4374F9FF09110003030434933088A743F3C010090404F8F
:20658800DA0140F46DFFD6FF262F40F46DFF28FFF626821440F46DFF71FF262F02F23C013F
:2065A8000090913000FFD9FF004654FF370F6EF18FFF83813C01911000A7D9AA408F0D00F7
:2065C80080043B0098F0CD4FE00F0D00C0044D00E0FFB70F14F0CD0FE00F0D00C00482116B
:2065E8007617DA009601CD4F20090D00C0044DC0E1FF8F7F00213C01913000FFD9FF004648
:2066080053C220F010FF54F037006E018FF083313C01913000FFD9FF004653C220F010FFD2
:2066280054FF2E1B8F2320F0960154F0370070088F002100A6F074F08F2320F0960254F022
:20664800370070088F002100A60F74FF3C0154FF1601DF1FFE7FDA00761382003C028210D4
:20666800370F81F0CDCF20090D00C004913000FFD9FF004653C220F010FF54FF2E1B8F2365
:2066880020F0960154F0370070088F002100A60F74FF86238F3340F154F0370070088F0062
:2066A8002100A60F74FF3C0154FF6F0FFF7F0D00C00482114DC0E1FF8F7F00213C0191307F
:2066C80000FFD9FF004653C220F010FF54F037006E018FF083313C01913000FFD9FF004629
:2066E80053C220F010FF54FF2E1B8F2320F0960154F0370070088F002100A6F074F08F231A
:2067080020F0960254F0370070088F002100A60F74FF3C0154FF1601DF1FFE7FDA00761379
:2067280082003C028210370F81F0CD0F04090D00C004913000FFD9FF004653C220F010FF7C
:2067480054FF2E1B8F2320F0960154F0370070088F002100A60F74FF86238F3340F154F091
:20676800370070088F002100A60F74FF3C0154FF6F0FFF7F0D00C004913000FFD9FF00464F
:2067880054FF2E1B8F2820F0960154F0370070088F002100A60F74FF8F2820F0960254F089
:2067A800370070088F002100A60F74FF3C0154FF1601DF1FFE7F910000F8D9FF004080FF08
:2067C800CD4FE20F0D00C00491F000F8D9FF000480FFCD0FE20F0D00C004911000F7D9FFF1
:2067E80080CF80FFCD8FE20F0D00C004913000FFD9FF004654FF2E1B8F2820F0960154F089
:20680800370070088F002100A60F74FF8F2820F0960354F0370070088F002100A60F74FFBE
:206828003C0154FF6F0FFF7F91000000D900000091000010D911000091000080D98800005D
:2068480091000090D9990000911000F7D9FFC00F91100027D922C001A004802080FFA2F085
:20686800DA404BF0114282003C1E80FFB70F1CF08F4F1F1080FFBBF0FF2F0662262F06AF64
:20688800A6F1F606CD81E30F0D00C0043C0274419AD47E05CDC1E30F0D00C00440F449FF9B
:2068A800001AC2103F40E3FFDA00744F6D00471A022F02846D00861902F46D00C7196DFFA6
:2068C800A6E16D003C1A913000FF19FF30366F1F12008F2220F09601913000FF19F0303601
:2068E800370070088F002100A60F913000FF59FF303686228F2240F1913000FF19F0303645
:20690800370070088F002100A60F913000FF59FF30363C01913000FF19FF30361601DF1F4D
:20692800FB7FDA00913000FF59FF181691000048D944EC316D004A169130884F910000F8B4
:20694800D9FF9E5680F46DFF1CFE911000F8D9FF2241DC0F0090913000FFD9FF0C4654FFDD
:20696800370F6EF18FFF83113C01912000A6D9AA408B0D0080043B0098F0CD4FE00F0D00FA
:20698800C0044D00E0FFB70F14F0CD0FE00F0D00C00482127627DA009601CD4F20090D00A5
:2069A800C0044DC0E1FF8F7F00313C01913000FFD9FF004653C320F010FF54F037006E01A5
:2069C8008FF083413C01913000FFD9FF004653C320F010FF54FF2E1B8F2420F0960154F0E2
:2069E800370070088F002100A6F074F08F2420F0960254F0370070088F002100A60F74FF10
:206A08003C0154FF1601DF1FFE7FDA00762382003C028210370F81F0CDCF20090D00C0043A
:206A2800913000FFD9FF004653C320F010FF54FF2E1B8F2420F0960154F0370070088F00C3
:206A48002100A60F74FF86248F3440F154F0370070088F002100A60F74FF3C0154FF6F0F6E
:206A6800FF7F0D00C00482124DC0E1FF8F7F00313C01913000FFD9FF004653C320F010FFAF
:206A880054F037006E018FF083413C01913000FFD9FF004653C320F010FF54FF2E1B8F2422
:206AA80020F0960154F0370070088F002100A6F074F08F2420F0960254F0370070088F00AD
:206AC8002100A60F74FF3C0154FF1601DF1FFE7FDA00762382003C028210370F81F0CD0FEB
:206AE80004090D00C004913000FFD9FF004653C320F010FF54FF2E1B8F2420F0960154F063
:206B0800370070088F002100A60F74FF86248F3440F154F0370070088F002100A60F74FF7D
:206B28003C0154FF6F0FFF7F0D00C004913000FFD9FF0C4654FF2E1B8F2120F0960154F0CF
:206B4800370070088F002100A60F74FF8F2120F0960254F0370070088F002100A60F74FF83
:206B68003C0154FF1601DF1FFE7F91F000F8D9FF000680FFCD4FE20F0D00C00491F000F8BE
:206B8800D9FF000480FFCD0FE20F0D00C004912000F6D9FF80CB80FFCD8FE20F0D00C0048D
:206BA800913000FFD9FF0C4654FF2E1B8F2120F0960154F0370070088F002100A60F74FF25
:206BC80086218F3140F154F0370070088F002100A60F74FF3C0154FF6F0FFF7F910000002D
:206BE800D900000091000010D911000091000080D988000091000090D9990000912000F67D
:206C0800D9FFC00B91200026D922C00DA004802080FFA2F0DA404BF0114282003C1E80FFD2
:206C2800B70F1CF08F4F1F1080FFBBF0FF2F0662262F06AFA6F1F606CD81E30F0D00C004FF
:206C48003C0274419AD47E05CDC1E30F0D00C00440F449FF001AC2103F40E3FFDA00744F91
:206C6800911000F8D9FF00E1DC0F0090DA000950DA08370F0EF009505C08370F03F809508F
:206C88005D08370F81F909505E08370F01FA09505F08370F83FA09506108370F01FE0950E4
:206CA8006008370F03FC6C458201095064083701031009506508370181110950660837014C
:206CC800041409506B083701011A09506708370103120950680837018113095069083701C9
:206CE800041609506C083701811A09506A083701041809506D083701011B09506E0837018A
:206D0800011C09506F083701811C095F70086E0382203C028200095F71086E03DA013C028B
:206D2800DA00A6F03701021D095F720837F1041E095F730837F1811B89411009095F060957
:206D48006C42095F0A096C43095F16096C41095F1209744F095F6A086E0A095F6A081E1778
:206D6800095F6A081E24095F0E096C460090F4450090404F405CD4C2D42DF4FD09CF0408CE
:206D88002CF409CF0408530F22F010D2D9220002E822C82440C56DFF6BFF820009CF6308FE
:206DA8006E05DA0137F001083C04DA0137F0810809FF0408534F20F010D25920C08109CF48
:206DC800F4086E22D4F209FF0408BC21534F20F060FF9140003F30F3D93F40483C0109C07E
:206DE800760809CFF40814F1370F68F037F108F034FF081F370F82F12CF1083F96022CF348
:206E0800081F96042CF100902038910000F8D9FF5CD049FF000A49A2000AA0D644FF642F84
:206E2800FC6E49AF000A4942000AA0D644FF642FFC6EF4450090404F6D006D17022F02F423
:206E48006D00691614F0B700010034F002F46D0082170090404C025809C488090CCC37047B
:206E6800685002F46D00F70209C4880909C44C0802856D0022030CC482203E0B8230BE0132
:206E88008240BE078250BE0D82605F0F23003C29D4CF09C05008084F370F81F02CF43C229E
:206EA800D4CF09C05008084F370F02F22CF43C1AD4CF09C05008085F370F02F02CF53C122D
:206EC800D4CF09C05008085F370F81F12CF53C0AD4CF09C05008085F370F81F22CF53C021D
:206EE8003C010090404C025809C488090CCC3704685002F46D00AF0209C4880909C44C081B
:206F080002856D00DA020CC482203E0B8230BE018240BE078250BE0D82605F0F23003C2971
:206F2800D4CF09C05008084F370F01F02CF43C22D4CF09C05008084F370F02F12CF43C1AAF
:206F4800D4CF09C05008084F370F02F32CF43C12D4CF09C05008085F370F01F12CF53C0A9B
:206F6800D4CF09C05008085F370F01F22CF53C023C010090404F6D00CE16022F02F46D0005
:206F8800CA1591A0003030F3D933C04F5430B700010091A0003030F3D933C04F743002F4F6
:206FA8006D00D91600906D007B12913000FF39FF3506370F64F24B0F41F14BF251203C019D
:206FC8003C01009037046800DA084BF00102DA0203F10AF6370F68F0DF15068082220FF28C
:206FE80010203C0482120FF210203C010090404F026F82066DFFE8FF6E04681268223C02F8
:2070080068120090404F026F82066DFFDDFF6E04684268523C0268420090404F3B00016015
:207028006DFFD2FF74F20090404F024F0269820602F46DFFC9FF02283B0001600BF91048F6
:207048006DFFC2FF8F0201F0A6F868680090DA01744F0090804F53042800420F60FF3C0112
:2070680048423C010090BC41DA024BF50102534020F053042100600F9140003F30F3D93FC0
:20708800C06910F23C010090804F53042800420F60FF3C0168550090804F53042800420FC9
:2070A80060FF3C0168350090804F53042800420F60FF3C0168450090804F53042800420FE8
:2070C80060FF3C0168250090804F53042800420F60FF3C01481F375F02F06CF10090804F09
:2070E80053042800420F60FF3C014890DA006CF948BF375F02F06CFB68907663DA013C0225
:20710800DA0037F001F0767382103C028200370F81F06CF90090804F53042800420F60FF90
:207128003C01DF15048082103C028200481F370F81F56CF10090404C405F8218D4F2F4C2EF
:20714800084F2CC4084F3B008000E20FD4F21022911000303023D93D000D89CD880909FFAF
:2071680005082CC549DE001A89CE8C0909FF52085E1709F40508821540E46DFF50FF09F488
:2071880005088215821640E46DFF50FF09F4050809F5500840D46DFFC0FF09F405080865B6
:2071A80040D46DFF93FF487F6E08C87409F4600809F561086D00240109FF54081E1509FF3F
:2071C8005508DF1F278009F4050809F5560809F6540809F7550840D46DFF83FFD4F4084471
:2071E80009F505086DFF41FF09F0570809FFD8081421370F68F037F108F0342F0C21370FC7
:2072080082F12C210C2396022C230C2196042C2109FF52085E1E09F40508482540D46DFFA7
:207228004DFF09F40508483540D46DFF37FF3C0D09F40508482540D46DFF38FF09F405083C
:20724800483540D46DFF22FF09F405088215820640E46DFFCEFE09F405088215820640E436
:207268006DFFD2FE09FF53085E1509C48C096DFFF0FE02823C010090F445DA002C44DA008A
:207288002C45DA146C42DA0A6C43DA01894F1008DA022C46DA00894F1108DA00894F120896
:2072A800DA01894F1308DA00894F1408DA00894F1508DA02894F1608DA00894F1708DA00DE
:2072C800AC4CA00FEC47DA80894F2008DA00894F21080090404F024FC83409F4050882158A
:2072E80002F66DFF86FEC83409F40508821502F66DFF8AFEC8346DFFACFE0090404F024F93
:20730800C83409F40508820502F66DFF72FEC83409F40508820502F66DFF76FEC8346DFF37
:2073280098FE0090594400C00090194F08C0370F78F04B0F41F1194004C0370078004B00B1
:2073480041014B0F51F06D0006004BF241203C0100906DFF2AFE3C010090404F0B54108883
:2073680040F46DFFE4FF4B8251007B00F8136B0131004B0071814B0861116B0131007B0027
:20738800F0134B1001F0370F61F16E02C2186D00C214022A02A46D00BE13DA00BE90DA015E
:2073A8003E9EDA023E9CDA033E9ADA043E98DA053E96DA06BE91DA07BE963C1C534920F0AF
:2073C80010F2534920F010FF19FF0CC0378F18F0592F0CC03C1019FF24C0378F18F059FF74
:2073E80024C03C0919FF28C0378F18F059FF28C03C023C0102A46D00AE140090404F025885
:20740800481F8FCF1F00481F160F532F2020082F0F2F001082330F23003091A0012FD9223A
:20742800F04F534020F01022542F82F0C630260F2631A61F742FC82408CF09F55008A6454D
:2074480002F46D000800C82408C402856D0035000090404F0B4510A849FC100A82404B0A3B
:2074680001828F3A00F1538F20C09140002FD922000E7D2F15806D004E14022F02F46D0058
:207488004A1309F0201982110FA1101082F2C621261089F0201902F46D005D14534820F030
:2074A80010CFDAFF0FCF00F00FCB10B002F302B249F240080090404F0B4510886D002B14C5
:2074C800022A02A46D00271349FF001ADA084BF801028F7800F1534F2040534020F010FFF5
:2074E800DA0F0F4F00F00F49109002F3029249F2400802A46D002F1400902020404CDA08B5
:207508004BF401826D00F20E534920F010A2534920F010CF488F742F09CF500816FFC21FAB
:207528004B0F41F14BF25100534920F010AF14FF163FC21F4B0F41F14BF05100534920F0B1
:2075480010AF14FF370F62F39211534920F010AF081F160342F1534920F010AF081F370F5D
:2075680062F142F14B0141F14BF051203C01009020080248405F3705E8FB8B0F20F26E013B
:20758800820949A6000A028440F56D003900DA0037F9019014AF37F983900CA137F90392EB
:2075A8000CA237F983930CA337F903950CA437F983960CA537F90398081FAE63DA003C0293
:2075C800DA0137F98199DA0037F9019A14FFAE53DA003C02DA0137F9819ADA0037F9019BE1
:2075E80009FFC008370F66F3C2FF370F70F037F9859B3789049E02923C010090406C820864
:207608008209DA084BF40122094F500816FF9210534320F0104F09FF6008163FC21FE2F0AF
:20762800534320F0104F09FF6008370F62F39211534320F0104F09FF6108160342F1534337
:2076480020F0104F09FF6108370F62F142F173100AA0B025405D820B3C4E534B20F010DF23
:2076680054FFE2AF4B0F61F17B0000044B0F51C0820D820E3C328210532E20F00FF01000C9
:207688004B0041F14BFC51F07B00F0036B00214F6D005743FF922180532E20F00FF210F0C9
:2076A8004B0F41F14BCF01F016068B0F20F26E09C2F28B0240F3370F689002E8821D3C0F66
:2076C800FF820B809A12C2FF8B0F40F3370F689002E8821D3C04C21EBF8ECFFFF6D3827996
:2076E8008278532B20F010CF2819532B20F010CF34F8C21BBF3BB3FF0090404C405F764146
:20770800820854CF6E016D00F10D3C0109CF500816FFC21F4B0F41F14BF251F03C017B00B5
:20772800F8034BF0513048103B800040821502463700E81BBA016E037B00F8037B00F813F6
:207748004B0151703B0040929B499794024A3C4D4B0A41014B0341004B0751107B00F023BC
:207768006B0221114B0131B1DA407FBF05003B0004B03C0973AB0A10FF410400822B3C033B
:207788004EB2821B4B0B41114B1041006B07311082024B2101F0AE046B0731003C056B0764
:2077A80031F067FFBF0F4B9001F06F2F1E804B9001F0AE264B9001F0AE036F060580020942
:2077C80002A602B56F061180DA004BF001F0AE27DA004BF001F0370F61F06E03DA003C023B
:2077E800DA016E023C04C2FAFF2AB47F3F5409006F0607006F050580025F026502F6DA0231
:207808004BF601229AD2370F4800C2F5370568F037F80680DA024BF601421A52C2FF370F2F
:2078280068F037F802838E03020F3C02DA0037F802858E0382323C01370268F037F80284FC
:20784800088FAE43DA013C02DA0037F80186088FAE33DA003C02DA0137F88186089F370F61
:20786800E1F237F8018702823C0100900248BC416D003C0DDA004BF801F0AE217B0008F4D4
:207888004BF841F04BF251004B0031F14B0F41F16B0F31F07B00F0134B1F01F0AE244B0054
:2078A80031F13C044B0031F1C21F8B1F40134B0161F14BF251F06B0F31F882004B0F01F087
:2078C800AE084B0161F14BF251F06B0F31583C094B0161F14BF251F06B0F31F867FFBF5F43
:2078E80082463C2C4B0661F14BF841F04BF251F07B00F0036B0021FF4B0F710173600AF029
:207908004B0F61F14BF251306B0331F882044B4F01F0AE046B0331383C056B0331F867FF86
:20792800BF3F4B5301F0AE247603023502013705E8FB6E02F6023C06C2163B801FF07F6FD4
:20794800D3FFC2F18B0140233C010090FF440B00538420F0910000F8D9FFE82110FFD4F26A
:207968003C02A0023C01009082F282003C17538020F0910000F8D9FFE82110FFD4FF7D4F0E
:207988000D80538020F0910000F8D9FFE82110FF481F370F48203C04C210BF40EAFF3C01AA
:2079A8000090494F102A3C0554FFB45FB025C2F4FF14FC7F0090494F102A3C0554FF745FD4
:2079C800B045C2F4FF14FC7F0090494F102A3C0554FF345FB015C2F4FF14FC7F0090DA0169
:2079E8000F4F10F0370F70F009410819765737017008A6F0370110183C083701700882F235
:207A0800C6F2262037011018766737017000A6F0370110103C083701700082F2C62F26F022
:207A280037011010894108190090DA084BF40102534120F0104F49FF241A3C06095FC0084C
:207A480074FFB025C2F5FF15FB7F0090DA084BF40102534120F0104F49FF241A3C05545F60
:207A680074FFB045C2F5FF15FC7F0090DA084BF40102534120F0104F49FF241A3C05145F5F
:207A880074FFB015C2F5FF15FC7F0090094F4518EE047B1000F03C02DA01CC4D09407808B3
:207AA8000F0F10F06CF10090094288093C010090094F4518EE03DA013C037B1000F0CC4DB6
:207AC800094078080F0F10F06CF10090404F405C406D0248D4FE40E46D008F050229DF099E
:207AE8003680ECE2084F96012CF4E84CA8A8821089F00718E86DA8E848FF6E05C8F240F4B1
:207B08002D02000009FF49181E1409FF49185E3540F46D0047093C1A09FF4918DE4209E2DC
:207B2800A80909E4A809094FD818C2F837087000370F10F0892F981840F46D0033093C0670
:207B4800C8AF09E488092D0F000002923C01009082020C44AE04D44F481F6E0282123C013A
:207B680000902010404C405DD4D2D42FF802C8AFF801D4DFF4CF0CC4B70F01F02CC409DF2C
:207B8800640889CF081809DF650889CF091809DF260989CF0C1909DF2A0989CF10190CD817
:207BA800370F61F1D80109F0510837F0010389F0110849DF1C0AF4AF5E1754FFEE05DA00B7
:207BC80089CF04183C07CCD7481F370F68F089CF041809C04418DA084BF00182534920F059
:207BE80009A48409104F029440D56DFF88FD022F6CF809C4441849D5080A4CD109A4840903
:207C080002F56DFFB7FC022F6CCC821009CF44180FF000008F0001100CD9AE43DA003C028A
:207C2800DA0109C444180F4F10F0D80149FF081A8F000140A640A6F10203021249F24008AE
:207C480009CF7308370F64F28F7F004109A484096DFF55FC4B0231F189CF0A09D4AF54FF37
:207C6800EE07A00FECCFA00F89CF80193C46D4FF09F2C80989C2F4090CD9370F61F289CFBE
:207C880005180CD86F1F2280910000F8D9FF94A7ECCF910000F8D9FFB8A789CF801940C49F
:207CA8006DFF08FFD4AFD4FF09D5600809DA6108DA80C82408C4A6F56DFFCDFBC82408C4C8
:207CC80002A56DFFFAFB3C19A00FECCFA00F89CF8019D4A2D42F09D5600809DA6108D42234
:207CE800092F5008C82408C4A6F56DFFB4FBC82408C402A56DFFE1FB09DFC808370F66F380
:207D080089CF0618911000F8D9FF42B8ECCA911000F8D9FF5088ECCBD80209FF46186E1105
:207D28009110002F09F00518534920F0D80110FF49FF241A530022F0102280FF592F0C028F
:207D480082023C010090404C40C46D006419A00FECC7DA8089CF2008DA0089CF2108A00F0A
:207D6800ECC7DA0089CF2008DA0089CF2408DA0289CF250882FF89CF2609DA0089CF2A09C2
:207D880000902040404C405DCCD5F80F6D00C30F022802846D00BF0E14FFB70F01F034FFF4
:207DA80009DF58086E03DA003C02DA0114F037F081F134FF02846D00CE0F820809D41009EF
:207DC80009A4BC096DFF54FD370268F037F80880DA0F37F80485DA0037F8828C09DF590823
:207DE8006E03DA013C02DA0037F8818DDA0137F8048E68484CD489CF0819820009DFC608BD
:207E08006E043BF01FF03C02DA0037F00900820109DFC408EE0409DF66086E02821137109D
:207E28008104820109DFC208EE0409DF66086E0282113710010509DF5B0837F0020809DF84
:207E48005C0837F0020909DF680837F0020D09DF690837F0020E685009DEA009BD0E3B0018
:207E6800D4EFBCFF0CE409E85508C814088408C5A6F56DFFF0FAC814088402856DFF1DFBA5
:207E8800CCE2BCFF0CEC09E85508C814088408C5A6F56DFFE0FAC814088402856DFF0DFBB2
:207EA800CCE4BD0F180009EF140809E85508C8140884370F68506DFFCEFAC814088402853B
:207EC8006DFFFBFAD4F2D4F40C4408C0370F03F02C24D80FECCAF4CCDA006CC1A00FECC249
:207EE800910000F8D9FF94B7ECC5910000F8D9FF98D7ECC609DF66086E0C911000F8D9FF5A
:207F08003AA8ECC7911000F8D9FF2E88ECC83C0B911000F8D9FF6478ECC7911000F8D9FF31
:207F28004A78ECC8911000F8D9FF6C28ECC909DF6608DF0F8C00DA0189CF061849A4000AF1
:207F48009110005F6DFF15F749A4040A49A5000A6DFF5CF709DF250889CF051809CF051870
:207F68002CA8DA0089AF2708DA0189AF3408DA0089AF0A09DA0089AF2A08DA0089AF2F08E3
:207F8800DA00ACAFDA0089AF2308D80F49FF241A80FF89AF0E09DA0089AF2D08DA0189AFD2
:207FA8003008DA0089AF2108DA0089AF2208DA0089AF20080CD889AF3A0809DFC40889AF86
:207FC800B80849C4380A49A5040A6DFFD4F609DF240889CF041809CF04182CA8DA0089AFF6
:207FE8002708DA0189AF3408D80F49FF102A80FF89AF0A09DA0089AF2A08DA0189AF2F083A
:20800800DA0089AF0E09DA0089AF2D08DA0089AF3008DA00ACAFDA0089AF2108DA0089AF1C
:208028002208DA0089AF2308DA0089AF20080CD889AF3A0809DFC20889AFB80849C42C0A4C
:2080480049A5040A6DFF97F63C04DA0089CF0618BBF0FFFFD80F89FF141909CF46186E4565
:2080680009A4BC096DFF82FC914000FFD9FF1068538221F010FF3C01823009DF2508370F3D
:2080880070F014F1370F68F037F108F034FF081F370F82F12CF1083F96022CF3081F9604C6
:2080A8002CF109A4BC096DFF61FC914000FFD9FF1068538221F010FFB04F3C01823009DF75
:2080C8002408370F70F014F1370F68F037F108F034FF081F370F82F12CF1083F96022CF3D5
:2080E800081F96042CF13C6D09DFC4086E2109A4BC096DFF3BFC914000FFD9FF10685382A4
:2081080021F010FF3C0109D0480809DFC40814F1370F68F037F108F034FF081F370F82F147
:208128002CF1083F96022CF3081F96042CF109DFC2086E2209A4BC096DFF18FC914000FF3A
:20814800D9FF1068538221F010FFB04F3C0109D0480809DFC20814F1370F68F037F108F0F8
:2081680034FF081F370F82F12CF1083F96022CF3081F96042CF109DFC6086E2309A4BC0932
:208188006DFFF4FB914000FFD9FF1068538221F010FF49FF080A3C0109D0480809DFC608F1
:2081A80014F1370F68F037F108F034FF081F370F82F12CF1083F96022CF3081F96042CF1E8
:2081C800D80F09FF5308960189FF13080090404F405C40F46D006B17E85CDA0089FF18086F
:2081E800DA0089FF1908DA0089FF1A08DA0089FF1B08DA0089FF1C08DA0089FF2808DA00F9
:2082080089FF2908A002E88282FF89FF240882FF89FF2508DA0089FF2608BB00C2FB9BEF94
:20822800C3F46CF40090911000CF094804186DFF3DFC402F530822F010C2392F1E02370F91
:2082480061F18B0F2002DF100D80530822F010C2530822F010C4394F1F029604E92F1F0290
:208268003C01DF00110009FF00196E0609F2801940F42D020000084FB70F01F02CF4D4F447
:208288006D001A02530822F010CF39FF1E02370FE1F18B0F20F25E1C530822F010CF5308C4
:2082A80022F010C2392F1F029604E9FF1F023C010090404C40C46DFFF9FB402F9110005F7A
:2082C80009C1051809C6A80949F7100A530122F01052392F1E02370FE1F18B0F2002DF10C2
:2082E8000D80530122F01052530122F01054394F1F029604E92F1F023C01DF001A00530151
:2083080022F0105F39FF1E02370F61F18B0F20F25E1C530122F0105F530122F01052392FB9
:208328001F029604E9FF1F023C011D00BC0009FF49181E1509FF4918DF3F2580530122F02D
:20834800105F39FF1E02370F61F18B0F20F25E1C530122F0105F530122F01052392F1F026A
:208368009604E9FF1F023C01534120F0105F534120F01052392FC2819602E9FFC2811D0071
:20838800920009FF4918DF4F2480530122F0105F39FF1E02370F61F18B0F20F25E1C5301C9
:2083A80022F0105F530122F01052392F1F029604E9FF1F023C01534120F0105F534120F04C
:2083C8001052392FC2819602E9FFC2813C6B530122F01052392F1E02370F61F18B0F20027A
:2083E800DF100D80530122F01052530122F01054394F1F029604E92F1F023C01DF0053007C
:2084080088AFBF2F5000530122F01052530122F01054394F1F029604E92F1F02534120F02D
:208428001052534120F01054394FC2819602E92FC281547FEE0C48CF8210370F01F0896F67
:20844800201909FF0C19896F24193C2C48CF8210370F01F0896F201909FF4618FF9F0A8072
:20846800D47288AF102F09FF7FF8896F24193C1A09F04618DA103F0F0D8088AFC2FF532F98
:2084880020F0D47F10FF09FFC008896F24193C0A88AFC2FF534F20F0D47F10FF54FF896FC0
:2084A80024190090404C09C2A809092FC0188FFF1F813C01BBF0FF0F8920141940C46DFF65
:2084C800F5FA402F911000DF6F08070009FF4A18960189FF0A186F18070009FF4A189602FD
:2084E80089FF0A186F28070009FF4A18960489FF0A186F78070009FF4A18968089FF0A1866
:208508006F38070009FF4A18960889FF0A186F48070009FF4A18961089FF0A186F580700AD
:2085280009FF4A18962089FF0A186F68070009FF4A18964089FF0A18DF08110009FF001988
:208548006E0609F2801940F42D020000084FB70F01F02CF4D4F46D00AF0009CF46186E31C1
:2085680009C00418530022F010DF39FF1E02370F61F18B0F20F25E1C530022F010DF5300FD
:2085880022F010D2392F1F029604E9FF1F023C0109C00518530022F010DF39FF1E02370F9E
:2085A80061F18B0F20F25E1C530022F010DF530022F010D2392F1F029604E9FF1F023C0137
:2085C8000090404F40F46DFF71FA0925AC0940242D050000484FC21F6CF40090404F40F4C5
:2085E8006DFF64FA0925A80940242D050000483FC21F6CF30090DA01494F0408EE038202E9
:208608003C0282123C010090404FD4F2D4220924A80949FC180A094F4218370FE3013C010A
:2086280088EF0B0F80F1370F508054CFEE0A82003C05094110293C01C2103F80FC7F3C260E
:2086480009F04618FF900B80D4C502846DFFBFF9D4C201280026F4C23C1909F04618DA102D
:208668003F0F0C80D4C502846DFF9DF9532820F0D4C21022F4C23C0AD4C502846DFF9DF987
:20868800534820F0D4C21022F4C288EFA28FACFE88EFEE1009FF00196E0609F2801940F485
:2086A8002D020000084FB70F01F02CF4D4F46D0003000090DA006C4100902008404F49FD79
:2086C800100AD4F2D42C09CF4618DF0F7E02911000EF09C4A809F4A46DFF48F9538221F0D5
:2086E8003C0109C8051809C904184DC0E2FF370FE1F78B0F20A23C010D00400300003C0127
:2087080088AFBF2FE50088AF92F0530822F010E2530822F010E4B94F140237007000370FC3
:208728000EF0F92F140209FF4618FF9F10808200530822F010E2530822F010E4394F16027F
:20874800370F83F2E92F16023C2109F04618DA103F0F10808210530822F010E2530822F04C
:2087680010E4394F1602370F83F2E92F16023C0E8220530822F010E2530822F010E4394F3E
:208788001602370F83F2E92F160254DFEE4049F20C1A802FB70F1C007B0000FDFE014DC0F7
:2087A800E1FF16073C0149F20C1A8020B7000C0AB770030E7B000011E21FA2F03C0449F2D7
:2087C8000C1A8020530822F010E259200802820082118222530822F010E219231002370349
:2087E80003303713813137230434530822F010E259231002530822F010E2530822F010E403
:20880800394F12029610E92F12023C3A54DFB70F1C007B0000FD7E0F4DC0E1FF16073C010B
:2088280054D0B7000C0AB770030E7B000011E21FA2F03C0254D0530822F010E259200802A4
:20884800820082118202530822F010E219231002370303303713813137230434530822F062
:2088680010E259231002530822F010E2530822F010E4394F1202B70F01F2E92F1202D4A2B9
:208888004922241A530822F010E4802F594F0C02820082118202530822F010E2192310021B
:2088A800370303323713813337230436530822F010E259231002530822F010E2530822F0F6
:2088C80010E4394F1F029604E92F1F0288A0530922F010E2530922F010E4B94F14023700E1
:2088E8007000370F0EF0F92F140209FF4618FF9F10808200530922F010E2530922F010E4A6
:20890800394F1602370F83F2E92F16023C2109F04618DA103F0F10808210530922F010E256
:20892800530922F010E4394F1602370F83F2E92F16023C0E8220530922F010E2530922F088
:2089480010E4394F1602370F83F2E92F1602486FEE4049F2101A802FB70F1C007B0000FD3D
:20896800FE014DC0E1FF16073C0149F2101A8020B7000C0AB770030E7B000011E21FA2F080
:208988003C0449F2101A8020530922F010E259200C02820082118222530922F010E219234E
:2089A8001002370303323713813337230436530922F010E259231002530922F010E25309F2
:2089C80022F010E4394F12029620E92F12023C3B486FB70F1C007B0000FDFE004DC0E1FF98
:2089E8008F7F00013C01486FB70F0CFAB77F031E7B0000F1E2F0A2013C024861530922F013
:208A080010E259210C02820082118202530922F010E21923100237030332371381333723C6
:208A28000436530922F010E259231002530922F010E2530922F010E4394F1202B70F81F26F
:208A4800E92F1202530922F010E2530922F010E4394F1F029604E92F1F02BBF0FFFFD4A483
:208A6800894F14196DFF82F79140002FD9221068538221F010223C010C2396022C23D4A4AE
:208A88006DFF74F79140002FD9221068538221F01022B0423C010C2396022C23D4A46DFF43
:208AA80065F79140002FD9221068538221F010224922080A3C010C2396022C23530922F089
:208AC80010E2530922F010E4394F1F029604E92F1F02534920F010E2534920F010E4394FF8
:208AE800C2819601E92FC28188AFBF2F2B00530822F010E2530822F010E4394F1F029604E6
:208B0800E92F1F02534820F010E2534820F010E4394FC2819601E92FC28109FF4818EE09BC
:208B280048CF8200370F01F0D4AF89FF20193C0848CF8210370F01F0D4AF89FF20193C3F36
:208B480054DFEE0E48CF8210370F01F0D4A2892F201909FF0C19D4AF89FF24193C3048CF9F
:208B68008210370F01F0D4A2892F201909FF4618FF9F0B80D4D288AF102F09FF7FF8D4AF10
:208B880089FF24193C1C09F04618DA103F0F0E8088AFC2FF532F20F0D4DF10FF09FFC00877
:208BA800D4AF89FF24193C0B88AFC2FF534F20F0D4DF10FF54FFD4AF89FF241976A30D00F1
:208BC80000031D00EE0088AFBF1FEB00D4F2D422092CA80909FF7308370F644209CF42183C
:208BE80016073C018B4F000109FF47185E12C2F088AF7E02C2F088AF0B0F80F1370F50806E
:208C0800BF18CF0088AF5280A8A088AFEE0382113C02820109FF4718DE11BF28100088AF55
:208C28006E0D4DC0E20F3700E1078B0020923C010D00400300003C013C084DC0E20F370014
:208C4800E1078B0020923C0109FF4718DE14820089F0071809FF4818EE0848CF8200370FFA
:208C680001F089CF20193C0748CF8210370F01F089CF201954DFEE1E09F00C19DF01130066
:208C880082013C0489C02419C2119AF83FF1FC7F48CF8211371F01F089CF201989C024196B
:208CA8003C08DA003C0489C02419C21F3F8FFD7F3C7409FF4618FF9F2480DF011800BF2866
:208CC8000800D4D59AF840C402F56DFFD1F648CF8210370F01F089CF2019D4DF01F800F608
:208CE80009FF7FF889CF24193C06D4D540C402856DFFBEF6D4DF01F800F6F4DF3C4E09F0CA
:208D08004618DA103F0F2780DF011A00BF280800D4D59AF840C402F56DFF89F648CF82105B
:208D2800370F01F089CF2019C2F8532820F0D4DF10FF09FFC00889CF24193C0BD4D540C403
:208D480002856DFF74F6532820F0D4DF10FFF4DF3C24DF011900BF280800D4D59AF840C407
:208D680002F56DFF75F648CF8210370F01F089CF2019C2F8534820F0D4DF10FF54FF89CFDA
:208D880024193C0BD4D540C402856DFF61F6534820F0D4DF10FFF4DF76930D000003009067
:208DA8002008404D49DF100AD4D2D42C8CDA82404B0F0102F6188CDA82404B0F01023700BF
:208DC80068F03C088CDA82404B0F0102370068F0C21F370F688009DF49189E4B8CDA3B00F9
:208DE80001004B0F0102F6198CDA3B0001004B0F0102370068F03C098CDA3B0001004B0F2F
:208E08000102370068F0C21F42F8C2F83708688009CF4618DF0F2102911000EF09C4A80967
:208E2800F4A46DFFA3F5538221F03C0109C9051809CA04184DC0E2FF370FE1F78B0F20B215
:208E48003C010D00400300003C01530922F010E2530922F010E4B940140237800E00F92091
:208E680014028220530922F010E2530922F010E4394F1602370F83F2E92F160254FFB70FCC
:208E88001C007B0000FD7E0F4DC0E1FF16073C0154F0B7000C0AB770030E7B000011E21F8C
:208EA800A2F03C0254F0530922F010EF59F00802820082118202530922F010EF19F31002B2
:208EC800370303303713813137230434530922F010EF59F31002530922F010EF530922F0E9
:208EE80010E2392F1202B70F01F2E9FF120209DF49189E4DD4AF49FF1C1A530922F010E2B2
:208F080080FF592F0C02820082118202530922F010EF19F310023703033237138133372349
:208F28000436530922F010EF59F31002530922F010EF530922F010E2392F1F029604E9FF4C
:208F48001F028CDA82404B0F0102F6188CDA82404B0F0102370068003C088CDA82404B0F6B
:208F6800010237006800C210530A22F010EF530A22F010E2B92F140237007000370F0EF0BD
:208F8800F9FF14028220530A22F010EF530A22F010E2392F1602370F83F2E9FF16024CD6ED
:208FA800EE4049DF101A80FFB70F1C007B0000FDFE014DC0E1FF16073C0149DF101A80F048
:208FC800B7000C0AB770030E7B000011E21FA2F03C0449DF101A80F0530A22F010EF59F0AC
:208FE8000C02820082118222530A22F010EF19F31002370303323713813337230436530AB8
:2090080022F010EF59F31002530A22F010EF530A22F010E2392F12029620E9FF12023C3C64
:209028004CD6B70F1C007B0000FDFE004DC0E1FF8F7F00013C014CD6B70F0CFAB77F031E30
:209048007B0000F1E2F0A2013C0309D11809530A22F010EF59F10C02820082118202530A31
:2090680022F010EF19F31002370303323713813337230436530A22F010EF59F31002530A8F
:2090880022F010EF530A22F010E2392F1202B70F81F2E9FF1202530A22F010EF530A22F0C8
:2090A80010E2392F1F029604E9FF1F02BBF0FFFFD4A4894F14196DFF59F4914000FFD9FF03
:2090C8001068538221F010FF3C01083F96022CF3D4A46DFF4BF4914000FFD9FF10685382C8
:2090E80021F010FFB04F3C01083F96022CF3D4A46DFF3CF4914000FFD9FF1068538221F0F4
:2091080010FF49FF080A3C01083F96022CF3530A22F010EF530A22F010E2392F1F029604B1
:20912800E9FF1F02534A20F010EF534A20F010E2392FC2819601E9FFC28109DF4918DF3FFF
:20914800308009D09408DA103FF00A0009D0F208DA0F37F085F389DFB2083C0B09D0F20828
:209168008CDAC2FF370F70F037F085F389DFB20809D09408DA103FF0090009DF7008B70F9C
:2091880001F089DF30083C0609DF7008960189DF300809DF7208964089DF32083C3709DF28
:2091A8004918DF1F248009D09408DA103FF00A0009D0F208DA0F37F085F389DFB2083C0B48
:2091C80009D0F2088CDAC2FF370F70F037F085F389DFB20809DF7008960189DF300809DFA7
:2091E8007208964089DF32083C1109DF7008960189DF300809DF7208964089DF320809DFCF
:20920800F208B70F85F389DFB208530922F010EF530922F010E2392F1F029604E9FF1F02F3
:20922800534920F010EF534920F010E2392FC2819601E9FFC28109DF49181E464CDCD4AF18
:2092480089FF1C193C054CDCD4AF89FF201976B30D0000033C010090913000FFD9FF3006C8
:2092680054F8370864F0EE0382023C096D003E00370864F04B0F41F14BF251203C01009008
:20928800913000FFD9FF300654F8370864F2EE0382023C096D002A00370864F24B0F41F1A5
:2092A8004BF251203C01009002486D0050018200DA003E84DA013E873C0B913000FF19F055
:2092C80000263C08913000FF19F004263C0382023C0176094B0061F17B0028044B0F51F0CB
:2092E8004BF241203C0100906D00DA00913000FF39FF3106370F6402DA003E0CDA01BE0B11
:20930800DA02BE0EDA035F0F2100DA045F0F23003C26913000FF39FF0C16160FEE023C0AEB
:20932800913000FF39FF0C16160F4B0F41F14BF251203C177B0017F44BF251203C127B005C
:209348001FF44BF251203C0D7B0027F44BF251203C087B002FF44BF251203C0382023C0127
:209368003C010090910000F6D9FFA08054FF4B0F61213C010090913000FF39FF3706370F22
:2093880062F2EE06BB00C22B9BE2CB243C11913000FF39FF3706370F62F25E19910000F64F
:2093A800D9FFA08054FF4B0F61213C0282023C010090913000FFD9FF00066DFFDEFF09FF00
:2093C800640816015E1A09FF6E08167FC21F4B0F41F14BF251203C2409FF6408370FE1F170
:2093E8005E1EBB00C20B9BE0CB0409FF6C08167FC21F4B0F41F14BF051203C1209FF690826
:20940800370FE5F0C21F4B0F41F14BF2410009FF6C08167FC21F4B0F41F14BF051203C01D7
:209428000090913000FFD9FF00066DFFA6FF09FF540816015E1A09FF5E08167FC21F4B0FB4
:2094480041F14BF251203C2909FF5408370FE1F15E1EBB00C20B9BE0CB0409FF5C08167FF4
:20946800C21F4B0F41F14BF051203C1709FF5908370FE7F0C21F4B0F41F14BF2411009FFEF
:209488005C08167F921009FF5B08160FC21FE2F04B0041F14BF151203C010090913000FF2F
:2094A80039FF3306370F62F282003E0482103E083C0ABB00C22B9BE2CB243C013C066DFFB8
:2094C800B2FF3C0382023C013C0100906DFFE8FF913000FF39FF3106370F6402DA003E0CB4
:2094E800DA01BE0CDA02BE0FDA035F0F2200DA045F0F24003C27913000FF39FF3206160F81
:20950800EE0382023C0A913000FF39FF3206160F4B0F41F14BF251203C177B001FF44BF2DB
:2095280051203C127B0027F44BF251203C0D7B002FF44BF251203C087B0037F44BF25120F3
:209548003C0382023C013C0100906DFFA9FF913000FF39FF3106370F6402DA003E0CDA0148
:20956800BE0CDA02BE0FDA035F0F2200DA045F0F24003C27913000FF39FF3106160FEE03EB
:2095880082023C0A913000FF39FF3106160F4B0F41F14BF251203C177B001FF44BF25120DC
:2095A8003C127B0027F44BF251203C0D7B002FF44BF251203C087B0037F44BF251203C03A5
:2095C80082023C013C010090404F820891000026D922A08009FF0819742F6D009C03022907
:2095E8006D00AD03022A02946D0095029130002F392F3046370FE1B19130002F392F30460C
:2096080096089130002FE92F304602946D00A30302A46D00A8023C019130002F392F3306F2
:20962800370FE1F3EEFA9130002F392F3306B70F02F29130002FE92F33069130002F392F3C
:20964800330696409130002FE92F33069130002F392F180696109130002FE92F18063C0133
:209668009130002F392F3306370FE1F3EEFA9130002F392F3706B71F02F29130002FE92FE8
:2096880037069130002F392F370696409130002FE92F37066D00B001A62802A46D00820351
:2096A800DF087E8102A46D005E023C019130002F392F1406370FE1F26EFA9130002F3920D0
:2096C8001C0608AF37F007F09130002FE92F1C069130002F39201B06088F37F004F0913084
:2096E800002FE92F1B069130002F39201906089F37F087F09130002FE92F19069130002F36
:20970800392F180696409130002FE92F18069130002F392F1A06B70F01F09130002FE92F88
:209728001A069130002F392F180696209130002FE92F18069130002F392F1A0696019130DF
:20974800002FE92F1A069130002F392F1A0696049130002FE92F1A06BB70714B9B14854302
:209768006D00A7013C019130002F392F1406370F61F16EFA9130002F392F1806B70F01F0F0
:209788009130002FE92F18063C019130002F392F3306370FE1F3EEFA9130002F392F33063A
:2097A800B71F02F29130002FE92F33063C019130002F392F3306370FE1F3EEFA48346D00DD
:2097C80078019130002F19203006485F82F1C61F26F0485F4841261FA6F0DA0137F0020E77
:2097E800DA0137F0010F9130002FD922300674203C019130002F392F3706370FE1F3EEFAC6
:209808009130002F19203406487F82F1C61F26F0487F4861261FA6F0DA0137F0020EDA0170
:2098280037F0010F9130002FD922340674203C019130002F392F0316370FE1F3EEFA9130BF
:20984800002F19200016489F82F1C61F26F0489F4881261FA6F0DA0137F0010F9130002FA0
:20986800D922001674203C019130002F392F0F16370FE1F3EEFA9130002F19200C1648BF2D
:2098880082F1C61F26F048BF48A1261FA6F0DA0137F0010F9130002FD9220C167420913013
:2098A800002F1920002648DF82F1C61F26F048DF48C1261FA6F09130002FD92200267420CD
:2098C8009130002F1920042648FF82F1C61F26F048FF48E1261FA6F09130002FD922042618
:2098E800742002A46D005E029100802F192F140209F0041982F1C610260F09F0041982F19E
:20990800C610260F09F0041909F100192610A60F02946D0000019100802FD9221402742F28
:2099280002946D001802820C3C3702A46D001B013C019130002F392F1406370FE1F26EFAA2
:209948009130002F39201C0653CC20F0C8121022142F37F007F09130002FE92F1C0602A428
:209968006D00200253CC20F0C81210224C226E0953CC20F0C8121022092288092D0200000A
:2099880053CC20F0C8121022092402096D009100C21C370C68C014FF3FFCC9FF02A46D00DC
:2099A800E200913000FF39FF1806B70F01F3913000FFE9FF180602A46D00F40102946D001C
:2099C800AA00913000FF39FF2C469608913000FFE9FF2C46913000FF39FF304637BF81F1DD
:2099E800913000FFE9FF304602946D00B40102823C0100903B00288082096D008C01022AA4
:209A0800913000FF39F01006B7008202913000FFE9F01006913000FF39F01206910000F6CD
:209A2800D9FFA08054F13B005AF29B6F02F04BF111229AF2370F68F037F005F0913000FFE9
:209A4800E9FF1206913000FF39FF10069604913000FFE9FF10063C05C2F8F68382193C0D40
:209A6800913000FF39FF10066F1FF87F913000FF39FF11066F0FF27F02A46D004C009130AD
:209A880000FF39FF2C469608913000FFE9FF2C46913000FF39FF30469608913000FFE9FFA9
:209AA800304602A46D00570102923C01009002486DFFF6FC913000FF39FF3506160F4B0F02
:209AC80041F14BF251F03C014B8F41F04B0F71F185F110003C0185F01000A2103FF0FDFFA5
:209AE8000090DA018B0401000F0F10F0913000FF59FF24860090DA010F4F00F0913000FF0A
:209B080019F0208626F0760382123C0282023C0100904DC0E1FF16073C0153CF20F060FF04
:209B28009130003F30F3D93F004654FF2E1B8F2420F0960154F0370070088F002100A60F4E
:209B480074FF86248F2440F154F0370070088F002100A60F74FF3C0154FF1601DF1FFE7F0F
:209B68000090913000FF19FF30366F1F12008F2420F09601913000FF19F030363700700837
:209B88008F002100A60F913000FF59FF303686248F2440F1913000FF19F03036370070086E
:209BA8008F002100A60F913000FF59FF30363C01913000FF19FF30361601DF1FFB7F009020
:209BC8004DC0E1FF16073C01913000FFD9FF004653CF20F010FF54FF2E1B8F2420F0960121
:209BE80054F0370070088F002100A60F74FF8F2420F0960254F0370070088F002100A60FDF
:209C080074FF3C0154FF1601DF1FFE7F084F96082CF454FF2E1B8F2420F0960154F0370021
:209C280070088F002100A60F74FF86248F3440F154F0370070088F002100A60F74FF3C0126
:209C480054FF6F0FFF7F0090913000FF19FF30366F1F12008F2420F09601913000FF19F01C
:209C68003036370070088F002100A60F913000FF59FF30368F2420F09602913000FF19F0C0
:209C88003036370070088F002100A60F913000FF59FF30363C01913000FF19FF3036160132
:209CA800DF1FFB7F913000FF39FF34369608913000FFE9FF3436913000FF19FF30366F1F46
:209CC80012008F2420F09601913000FF19F03036370070088F002100A60F913000FF59FFB5
:209CE800303686248F3440F1913000FF19F03036370070088F002100A60F913000FF59FFFD
:209D080030363C01913000FF19FF30366F0FFC7F00904DC0E1FF16073C0153CF20F060FFF9
:209D28009130003F30F3D93F004654FF370F6EF18FFF83213C013C010090913000FFD9FFCE
:209D4800303654FF370F6EF18FFF83213C013C0100904DC0E1FF16073C0153CF20F060FF89
:209D68009130003F30F3D93F004654FF2E1B8F2420F0960154F0370070088F002100A60F0C
:209D880074FF86248F3440F154F0370070088F002100A60F74FF3C0154FF6F0FFF7F0090C3
:209DA800913000FF19FF30366F1F12008F2420F09601913000FF19F03036370070088F00F6
:209DC8002100A60F913000FF59FF303686248F3440F1913000FF19F03036370070088F001C
:209DE8002100A60F913000FF59FF30363C01913000FF19FF30366F0FFC7F0090F647094F6E
:209E080040189601894F00183C08DF140780094F40189604894F00180090F647094F7C08BA
:209E28009601894F3C083C08DF140780094F7C089610894F3C080090FF240B00538420F066
:209E4800910000F8D9FFF84110FFD4F23C02A0023C01009082F282003C17538020F0910021
:209E680000F8D9FFF84110FFD4FF7D4F0D80538020F0910000F8D9FFF84110FF481F370F5D
:209E880048203C04C210BF20EAFF3C010090404C405F09C0380909C13C0914FFEE0C083F13
:209EA80037F00500082F37F00504081F37F1011182183C0F14FF5E1C083F37F00508082F82
:209EC80037F0050C081F37F1011382183C02820889C13C0989C0380940C46DFFBDFF09FF30
:209EE800C8086E26081FEE099140002FD9225028538220F010223C099140002FD922502896
:209F0800538220F01022B04208A009FFC8081421370F68F037F108F0342F0C21370F82F174
:209F28002C210C2396022C230C2196042C2108264CC4820102F009C32C0982020F20A0405B
:209F48000F31A0503C016DFF87C53C0114FF534F20F010C28922300914F440C46DFF50FF55
:209F680014F440C46DFF5BFF08264CC4820102F009C32C0982020F20A0400F31A0503C0153
:209F88006DFF6AC53C0114FF534F20F010C2481F42F28922300902823C010090404F0248A1
:209FA8006DFFCDFE022902946DFFDDFDDA207FF80B8009FF082982100F801000A60F89FFB8
:209FC80008293C0B09F00C2982118FF801F10FF11010A61089F00C2902946DFFE3FE0090D0
:209FE800404F0248025FFF481F803BF0014040F46D001B0082108B0801100F1010005E1737
:20A0080009FF0029A60F89FF00293C0809FF002982F1C610260F89FF00293BF0014040F45D
:20A028006DFFBEFF0090404F02486DFF88FE022902946DFF98FDDA207FF80D8009FF08299B
:20A0480082100F80100082F1C610260F89FF08293C0D09F00C2982118FF801F10FF11010ED
:20A0680082FFC6F1261089F00C2902946DFF9AFE0090404F6DFF2CFA09FF4028161FC21FEB
:20A088004B0F61F14BF251203C010090404F6DFF1FFA09FF41281603C21F4B0F61F14BF229
:20A0A80051203C010090BF450980C2C56F04040082543C0282443C01DA0403F40AF5534F42
:20A0C80020F0910000F8D9FF4C7210FF54FF60F23C010090404F09FF002937046800370F1F
:20A0E80002F48210370F81F73BF0014040F46DFF9CFF89FF00293BF0014040F46DFF50FF5F
:20A108000090404F09FF002937046800370F05F08210370F81F73BF0014040F46DFF85FF29
:20A1280089FF00293BF0014040F46DFF39FF0090404F024F6DFFCCF94B0271014BF0112254
:20A148009AF28B3F20439A144BF0118240F46DFFC3FF02823C010090404F024F6DFFB8F912
:20A168004B0271018F2000104BF111229A2206EFC2FF8BFF21F392114B1011823B00D0122C
:20A188009B1113107F810A80C21F8BFF21F392114B10110202083C013B90D00306503F084C
:20A1A80008803B00D0029B1013007F80048082083C0540F402F46DFFA6FF02823C0100906A
:20A1C800404F09FF0029374F01F78210370F81F73BF0014040F46DFF28FF89FF00293BF0DA
:20A1E800014040F46DFFDCFE0090DF0431004C418B8701000F041040A64F6C414C41823014
:20A20800534720100F10000082F1C610260F6C414C41534720000F051050A65F6C41766BD4
:20A228004C41821053472010C2310F100000A60F6C413C0C4C41821053472010C2310F1076
:20A24800000082F1C610260F6C413C0B4C4182108B8701100F10000082F1C610260F6C41F8
:20A268000090404F3BF0014040F46DFFDEFE09FF4328968089FF03283BF0014040F46DFF87
:20A288008FFE820082013C0E3B0040F0E21F10F2392F4320370F61F23C016E0382103C018B
:20A2A800C211BF41F3FFDF10EE7F0090404C405F8208C852D42D3C01C852092E84093C01BD
:20A2C800C85289C2840909C284090929480809FA0C0840D402946DFFA8FE08E0534A20F042
:20A2E80010E2534A20F010E409414168370181018920016808F0534A20F010E2534A20F0C0
:20A3080010E4094F4268370F04F0892F026809F05008534A20F010E2534A20F010E4094FFA
:20A328004068370F02F2892F006809F05108534A20F010E2534A20F010E4094F4068370F3B
:20A3480002F3892F00680810534A20F010E2534A20F010E4094F4168370F01F1892F01682E
:20A3680008D0534A20F010E2534A20F010E4094F4068370F02F0892F006809F05308534A74
:20A3880020F010E2534A20F010E4094F4168370F02F0892F01680830534A20F010E2534A44
:20A3A80020F010E4094F4268370F81F2892F026814F0534A20F010E2534A20F010E4094F18
:20A3C8004268370F01F2892F026809F05208534A20F010E2534A20F010E4094F4168370F96
:20A3E80004F2892F01688B0901F0370F684040D46DFF1BFE082FEE084CE282100FA0100086
:20A40800A60F6CE23C094CE282100FA0100082F1C610260F6CE28B0901F0370F684040D41A
:20A428006DFFBEFD09F00C08DA087FF01B0008B009C2000809E12049DA0F534220300F3F7A
:20A4480000F082F3C63F26F189E1204909EF2049534220100F101000A60F89EF20493C1960
:20A4680008B009C2000809E12449DA0F534220300F3F00F082F3C63F26F189E1244909EF86
:20A488002449534220100F101000A60F89EF244909FFC6086E2008B502946DFF06FE09F099
:20A4A8000C08DA010F0F10F089EF1049089009FFC6081421370F68F037F108F0342F0C21C5
:20A4C800370F82F12C210C2396022C230C2196042C213C0108FFFF8F1A8008A008F109E24C
:20A4E8003049DA0F534120300F3F00F082F3C63F26F289E2304909EF3049534120100F1006
:20A508001000A60F89EF30493C1B08A008F109E234493BF000309A81534F20F00FF30030C3
:20A5280082FFC6F3263289E2344909EF3449C281534120100F101000A60F89EF344909FF3C
:20A54800C4086E2908A502946DFFAFFD08F0534020F010E4534020F010E5395F03809680DD
:20A56800E94F0380BBF0FFFF89EF1449088009FFC4081421370F68F037F108F0342F0C21BB
:20A58800370F82F12C210C2396022C230C2196042C213C0140D402946DFF02FD08FF2CC13D
:20A5A80009FF0C0834CF02823C010090910000F8D9FFC85149FF000A4942000AA05644FF89
:20A5C800642FFC6E894594090090405F8208D4F2D42C084F3B004000E20F10C2D92D402091
:20A5E800894D8409D4F2D422F44208498949080840C46DFF40FD022A8B090100370068407E
:20A6080040C46DFF12FD09FF6F085E1B821409F5620809F66308820740D46DFFE8FD3C0821
:20A62800820482058206820740D46DFFE0FD09FF70085E1B821409F55A0809F65B088217AD
:20A6480040D46DFFD4FD3C08820482058206821740D46DFFCCFD09FF71085E1B821409F558
:20A668006A0809F66B08822740D46DFFC0FD3C08820482058206822740D46DFFB8FD085FEA
:20A688005F9F2300085F5349200091000028D9225D9201200026102214203C0109DF4018A1
:20A6A80082414B100122373F02F089DF001809D10019DA0882424B2001220F3F00F0A6F16D
:20A6C80089D100193C01DA0014D037F002F034DF09FF6E0814D037F002F234DF09FF6F08C9
:20A6E800DF1F5D8049F21C0A09FF61086E2D09DF4428960489DF042809FF610809F05F08B7
:20A7080009D1002982123721811737F182163701041489D1002909F05F08DA0FFE0409FFC4
:20A728005E08821009D1002982123721811B37F1041889D1002909DF4428370F02F089DFD3
:20A7480004283C013C0709DF4428B70F01F189DF042809F05F08DA0FBE0509FF5E0809F032
:20A76800600809D1002982123721811B37F1041889D1002909DF4428370F02F089DF0428F7
:20A788003C01142F6E03DA013C02DA0009D0452837F001F189DF05283C0109FF7008DF1F1E
:20A7A8005D8049F2140A09FF59086E2D09DF6428960489DF242809FF590809F0570809D1FA
:20A7C800202982123721811737F182163701041489D1202909F05708DA0FFE0409FF560848
:20A7E800821009D1202982123721811B37F1041889D1202909DF6428370F02F089DF2428CD
:20A808003C013C0709DF6428B70F01F189DF242809F05708DA0FBE0509FF560809F058080D
:20A8280009D1202982123721811B37F1041889D1202909DF6428370F02F089DF24283C01E1
:20A84800142F6E03DA013C02DA0009D0642837F001F289DF24283C0109FF7108DF1F578083
:20A8680049F2240A09FF69086E2D39CF04809604E9CF048009FF690809F0670819C10080B6
:20A8880082123721811737F182163701041459C1008009F06708DA0FFE0409FF6608821027
:20A8A80019C1008082123721811B37F1041859C1008039CF0480370F02F0E9CF04803C0193
:20A8C8003C0109F06708DA0FBE0509FF660809F0680819C1008082123721811B37F104181A
:20A8E80059C1008039CF0480370F02F0E9CF04803C01142F6E03DA013C02DA0039C0048055
:20A9080037F001F2E9CF04803C01085F7E93DA033C02DA0014D037F002F034DF09F56C08AD
:20A9280040C402946DFF5EFB82013C36536120F010F209204A08534120F010D2534120F050
:20A9480010D4094F6108370F03F0892F2108536120F010F2092F06094BAF41F04B0F71012C
:20A96800C2E0DA1F7F0F0780DA104BF011228BF200008BF02F033C01534120F010D2534146
:20A9880020F010D4094F600837006800370F05F0892F2008C211BF21CBFF8B0901F0370FF9
:20A9A800684040C46DFFFCFA02823C010090910000F8D9FFE05149FF000A4942000AA0C651
:20A9C80044FF642FFC6EDA002C44F4450C442C45DA00894F2C080090405C8208D4CDF44D6D
:20A9E8006DFF99F9022F02F46DFF95F8820074D002F46DFFB0F909C45D0840D46DFFE2FBD1
:20AA08004CC54B0F714140D46DFFA8FBF62382123C634CC44B0F714140D46DFF8BFB40D46C
:20AA28006DFF29FB82013C34536120F010CF0880534120F010D2534120F010DF09FF6128B6
:20AA4800370F03F0892F2128536120F010CF481F4B2F41F04B0F7101C2E0DA1F7F0F078083
:20AA6800DA104BF011428BF400008BF02F033C01534120F010DF534120F010D2092F602814
:20AA880037006800370F05F089FF2028C211BF21CDFF09CF5C08DE1E82093C178B0901409A
:20AAA80040D46DFFC2FA3B0040F0E29F10DFD9FF4020DA0314F037F002F034FF8B0901403D
:20AAC80040D46DFF6DFAC219BF49EAFF40D46DFFCAFB02823C010090404FF4F5BB0068F991
:20AAE8009B8FB9F46CF540546DFFD2FA68426DFFEFF46862DA002CF83BD07BF39B6F58F3BB
:20AB08006CF1DA002CFE3BD07BF39B6F58F389FF0A09DA0089FF1C08DA0089FF1D080090C6
:20AB2800025FC234B7040200370050808BC801008B8000406D000A36BC2640240B8F10486E
:20AB48006D0004003C010090C234B70402F0370F5000DA00894F1808DA01894F1908804F01
:20AB68008BCF01F0C27FB70F03F0744FDA00AC42DA00AC47DA00894F0A09894F0609DA00AA
:20AB8800AC49AC48894094088945960840423C0100903B604240821582366D0012473B60D7
:20ABA800424082156D002C473B80424082156D0027476D008C003B60424082056D00204774
:20ABC8006D0085003B80424082056D00194700903B604240821582366D00F3463B8042400B
:20ABE80082056D000D473B60424082056D0008476D006D003B80424082156D0001476D00D5
:20AC080066003B60424082156D00FA466D005F0000903B604240820582366D00D2463B608D
:20AC2800424082156D00EC466D0051003B80424082156D00E5466D004A003C056DFFCAFFFD
:20AC480082123C0E3B6042406D006846DF02F8FF3B80424082056D00D34682023C01009063
:20AC6800024F3B604240821582366D00AA463B80424082056D00C44682083C232E773B604E
:20AC8800424082156D00BC463C063B60424082056D00B6466D001B003B80424082156D000C
:20ACA800AF466D001400861F370F68F06D000F003B80424082056D00A3466D000800C218EE
:20ACC800BF88DEFF6D000300009082003C030000C210DA3C3FF0FDFF009082048215910036
:20ACE8000046D944B4803BD000606D00B644910000F6D9FFB48054FF6E17910000F6D9FF19
:20AD0800B48054FF3B007D003FF00F80910000F6D9FF14F091000026D922B480542F4B0F08
:20AD280061F189FF1E09910000F6D9FFB480481F6E1D910000F6D9FFB480481F3B007102DD
:20AD48003FF0158091000026D92214F0910000F6D9FFB480481F4B0F61F1BBA0700D9B3028
:20AD6800C2034B0F41F0892F2209910000F6D9FFB480482F6E17910000F6D9FFB480482FFF
:20AD88003B007D003FF00F8091000026D9225C10910000F6D9FFB480482F4B0F61F1892FA9
:20ADA8001E09910000F6D9FFB480483F6E1D910000F6D9FFB480483F3B0071023FF0158033
:20ADC80091000026D9225C10910000F6D9FFB480483F4B0F61F1BBA0700D9B30C2034B0FC5
:20ADE80041F0892F2209910000F6D9FFB480484F6E1D910000F6D9FFB480484F3B00E20437
:20AE08003FF0158091000026D9220000910000F6D9FFB480484F4B0F61F1BBA0700D9B303B
:20AE2800C2034B0F41F0892F1E09910000F6D9FFB480485F6E1D910000F6D9FFB480485FDC
:20AE48003B00E2043FF0158091000026D9220000910000F6D9FFB480485F4B0F61F1BBA012
:20AE6800700D9B30C2034B0F41F0892F2609910000F6D9FF0000DA0089FF2209910000F6D8
:20AE8800D9FF0000DA0234FF910000F6D9FFB830DA0089FF2209910000F6D9FFB830DA00CE
:20AEA80034FF910000F6D9FFB480486F6E1D910000F6D9FFB480486F3B0071023FF01580C6
:20AEC80091000026D9221CC0910000F6D9FFB480486F4B0F61F13BF026019B30A8034B0FC4
:20AEE80041F0892F1E09910000F6D9FFB480487F6E1D910000F6D9FFB480487F3B0071024D
:20AF08003FF0158091000026D9221CC0910000F6D9FFB480487F4B0F61F13BF026019B30B4
:20AF2800A8034B0F41F0892F2209910000F6D9FFB48048AF3B0071023FF01580910000263D
:20AF4800D9221CC0910000F6D9FFB48048AF4B0F61F13BF026019B30A8034B0F41F0892FD1
:20AF68002609910000F6D9FF1CC0DA0134FF910000F6D9FFB480488F6E1D910000F6D9FFFD
:20AF8800B480488F3B0071023FF0158091000026D92218B0910000F6D9FFB480488F4B0FEE
:20AFA80061F13BF026019B30A8034B0F41F0892F1E09910000F6D9FFB480489F6E1D91006F
:20AFC80000F6D9FFB480489F3B0071023FF0158091000026D92218B0910000F6D9FFB48001
:20AFE800489F4B0F61F13BF026019B30A8034B0F41F0892F2609910000F6D9FF18B0DA007B
:20B0080089FF2209910000F6D9FF18B0DA0034FF0090F445DA006C410C4896012C480C483E
:20B0280096022C480C48B70F01F12C480C48B70F81F12C480C48B70F01F22C480C489620F1
:20B048002C480940C808DA0837F006F3AC440C49B70F01F22C49DA00894F0E09DA00894F6B
:20B068001209DA00894F0A090C49B70F81F22C490C49B70F01F32C49094F5808B70F01F0F2
:20B08800894F1808094F5808B70F81F0894F1808094F5808B70F01F1894F1808094F5808A9
:20B0A800B70F81F1894F18080090DA00344FDA00AC41DA00AC42DA00AC43DA002C48DA00EB
:20B0C800AC45A00FEC43DA006C44009091000046D944B8D0822482056D00E74D910000465E
:20B0E800D944B8D0823482056D00DF4D009091000046D944B8D03B0002403BA000503B706E
:20B108002A603B6028706D00CF4A8264820591000046D944B8D06D00C84D8274820591006B
:20B128000046D944B8D06D00C04D8224820591000046D944B8D06D00B84D823482059100B9
:20B148000046D944B8D06D00B04D00900258FF8405808229024F3C08DA107FF405808239C3
:20B168009A843C023C1D91000046D944B8D002946D00C64AF68982100FF0100082FFC6F02C
:20B188000F0280503C0682100FF010000F02A05091000046D944B8D002946D00864D009000
:20B1A800910000F6D9FF84A014FFEE031D00DA0291000046D94484A0B01491000058D95514
:20B1C8006D926DFFEFBCF629910000F6D9FF70A0DA0174FF1D00C00291000046D94484A07E
:20B1E800B01491000058D95559A26DFFDBBCF629910000F6D9FF70A0DA0074FF1D00AC02C8
:20B2080091000046D94484A0B01491000058D95575A26DFFC7BC762E91000046D94484A071
:20B22800B01491000058D95579A26DFFBBBCDF021680910000F6D9FF14F091000026D922A1
:20B2480084A0092F060989FF1E0991000046D94414F06D0037351D007F0291000046D94469
:20B2680084A0B01491000058D9557DA26DFF9ABC762E91000046D94484A0B014910000587D
:20B28800D95541B26DFF8EBCDF021C80910000F6D9FF14F091000026D92284A0092F0609D2
:20B2A800BBA0700D9B30C2034B0F41F089FF220991000046D94414F06D0004351D004C02D7
:20B2C80091000046D94484A0B01491000058D95545B26DFF67BC762E91000046D94484A031
:20B2E800B01491000058D95549B26DFF5BBCDF021680910000F6D9FF5C1091000026D922F9
:20B3080084A0092F060989FF1E0991000046D9445C106D00D7341D001F0291000046D94401
:20B3280084A0B01491000058D9554DB26DFF3ABC762E91000046D94484A0B014910000583C
:20B34800D95571926DFF2EBCDF021C80910000F6D9FF5C1091000026D92284A0092F0609F9
:20B36800BBA0700D9B30C2034B0F41F089FF220991000046D9445C106D00A4341D00EC0170
:20B3880091000046D94484A0B01491000058D95575926DFF07BCDF021C80910000F6D9FFA0
:20B3A800B83091000026D92284A0092F0609BBA0700D9B30C2034B0F41F089FF1E0991004D
:20B3C8000046D944B8306D007D341D00C50191000046D94484A0B01491000058D95579921B
:20B3E8006DFFE0BBDF021C80910000F6D9FFB83091000026D92284A0092F0609BBA0700D85
:20B408009B30C2034B0F41F089FF260991000046D944B8306D0056341D009E0191000046EC
:20B42800D94484A0B01491000058D9557D926DFFB9BBDF021680910000F6D9FF1CC09100B6
:20B448000026D92284A0092F06093BF026019B30A8034B0F41F089FF1E091D007D0191002A
:20B468000046D94484A0B01491000058D95541A26DFF98BBDF021680910000F6D9FF1CC00E
:20B4880091000026D92284A0092F06093BF026019B30A8034B0F41F089FF22091D005C0107
:20B4A80091000046D94484A0B01491000058D95545A26DFF77BBDF021680910000F6D9FF36
:20B4C8001CC091000026D92284A0092F06093BF026019B30A8034B0F41F089FF26091D0044
:20B4E8003B0191000046D94484A0B01491000058D95549A26DFF56BBDF021180910000F6B4
:20B50800D9FF081091000026D92284A0092406096D00F72374F21D001F0191000046D94403
:20B5280084A0B01491000058D9554DA26DFF3ABBDF021180910000F6D9FF00A0910000268C
:20B54800D92284A0092F06094B0F31F174FF1D00030191000046D94484A0B01491000058A8
:20B56800D95551A26DFF1EBBDF021180910000F6D9FF10A091000026D92284A0092F0609BF
:20B588004B0F31F174FF1D00E70091000046D94484A0B01491000058D95555A26DFF02BB9D
:20B5A800DF021580910000F6D9FF84A009F406096D00C723F623DA003C02DA01910000F694
:20B5C800D9FF04A034FF1D00C70091000046D94484A0B01491000058D9555DA26DFFE2BAD6
:20B5E800DF021480910000F6D9FF84A009F406096D00A7237628FF420780910000F6D9FF43
:20B60800389034F21D00A80091000046D94484A0B01491000058D95561A26DFFC3BAF62E6C
:20B62800910000F6D9FF3C9091000026D92284A0092F060974FF1D008F0091000046D944A7
:20B6480084A0B01491000058D95565A26DFFAABADF021E80910000F6D9FF84A009FF0609F3
:20B6680082004B0F01F0AE23DA003C02DA01910000F6D9FF08A034FF370F68F06E07910053
:20B6880000F6D9FF70A0DA0074FF3C6591000046D94484A0B01491000058D95569A26DFF6C
:20B6A80081BAF62F910000F6D9FF14A091000026D92284A0092406096D00432334F23C4B7D
:20B6C80091000046D94484A0B01491000058D9556DA26DFF67BADF023180910000F6D9FFE2
:20B6E80084A009F406096D002C23DA003E28DA013E2DDA02BE22DA03BE273C1D910000F672
:20B70800D9FF0CA0DA0034FF3C17910000F6D9FF0CA0DA0134FF3C10910000F6D9FF0CA0CD
:20B72800DA0234FF3C09910000F6D9FF0CA0DA0334FF3C023C013C0F91000046D94484A0B4
:20B74800B01491000058D95571A26DFF2BBAF6236D000C00910000F6D9FF84A0DA0034FF80
:20B7680000906D0038010090910000F6D9FFB48091000026D92214F0092F1E094B0F71F197
:20B7880074FF910000F6D9FFB48091000026D92214F0092F22097B802C044B0F41F04B0F72
:20B7A80071F16CF1910000F6D9FFB48091000026D9225C10092F1E094B0F71F16CF2910007
:20B7C80000F6D9FFB48091000026D9225C10092F22097B802C044B0F41F04B0F71F16CF30D
:20B7E800910000F6D9FFB48091000026D922B830092F1E097B802C044B0F41F04B0F71F143
:20B808006CF4910000F6D9FFB48091000026D922B830092F26097B802C044B0F41F04B0F1C
:20B8280071F16CF5910000F6D9FFB48091000026D9221CC0092F1E097BA047044B0F41F0CC
:20B848004B0F71F16CF6910000F6D9FFB48091000026D9221CC0092F22097BA047044B0F7E
:20B8680041F04B0F71F16CF7910000F6D9FFB48091000026D9221CC0092F26097BA0470482
:20B888004B0F41F04B0F71F16CF8910000F6D9FFA89091000026D9220810542F74FF91000D
:20B8A80000F6D9FFA48091000026D92210A0542F74FF910000F6D9FFA48091000026D92201
:20B8C80000A0542F6CF1910000F6D9FFA48091000026D92204A0142F6CF2910000F6D9FF07
:20B8E800A48091000026D9223890142F6CF3820482056D00643E8204820591000046D944E3
:20B90800A89082166D00D53E820482156D00573E8204821591000046D944B4803BD0006000
:20B928006D00C73E820482356D00493E8204823591000046D944A48082466D00BA3E00904A
:20B9480082017B00F8237B00F833820409400008DA2D7E057B00F82BB0143C0609400008CA
:20B96800DA2B7E02B0143C2F09400008DA2E7E048214B0143C2809400008DA303FF00700E1
:20B9880009400008DA397F0F03003C20DF041100BBD0CC0C9BC0DC034B03413009400008AD
:20B9A8008B001DF04B0F41F16B3F61113C0B7B0012F4094000088B001D004B0041016BF195
:20B9C8006110B014094F0008EED04B2141203C010090DA40FE4B910000F6D9FFBC90DA008A
:20B9E80034FF910000F6D9FF80A0DA0134FF910000F6D9FF88E0B00F34F4910000F6D9FF72
:20BA0800BC90DA00C21F34FF3C59910000F6D9FF80A014FFEE023C52910000F6D9FFBC9094
:20BA280014FFBFEF0F80910000F6D9FFBC90DA0034FF910000F6D9FF80A0DA0034FF3C3EF0
:20BA4800DA235F4F2680910000F6D9FFBC9014FF910000F6D9FF88E010FFDA0034FF91005B
:20BA680000F6D9FF80A0DA0034FF91000046D94488E0910000F6D9FFBC9014F46D00200027
:20BA8800910000F6D9FFBC90DA0034FF3C17910000F6D9FFBC9014FF910000F6D9FF88E00E
:20BAA80010FF34F4910000F6D9FFBC9091000026D922BC90142FC21F34FF0090DF541680EE
:20BAC80009400008DA40FE0109400108DA537E0D09400208DA547E0909400308DA4F7E05E2
:20BAE80009400408DA50BE07DF443E8009400008DA405F0F398009400108DA535F0F3480E6
:20BB080009400208DA545F0F2F8009400308DA505F0F2A80910000F6D9FF84A0DA532CF11C
:20BB2800910000F6D9FF84A0DA542CF2910000F6D9FF84A0DA502CF3910000F6D9FF84A0DF
:20BB4800DA002CF4910000F6D9FF84A07B00F8F389FF0609910000F6D9FF84A0DA0134FFD2
:20BB68001D00B100DF443C8009400008DA405F0F378009400108DA525F0F3280094002088F
:20BB8800DA555F0F2D8009400308DA4E5F0F2880910000F6D9FF84A0DA522CF1910000F66E
:20BBA800D9FF84A0DA552CF2910000F6D9FF84A0DA4E2CF3910000F6D9FF84A0DA002CF4ED
:20BBC800910000F6D9FF84A0DA0089FF0609910000F6D9FF84A0DA0134FF3C74DF443C8049
:20BBE80009400008DA405F0F378009400108DA535F0F328009400208DA415F0F2D8009403C
:20BC08000308DA565F0F2880910000F6D9FF84A0DA532CF1910000F6D9FF84A0DA412CF242
:20BC2800910000F6D9FF84A0DA562CF3910000F6D9FF84A0DA002CF4910000F6D9FF84A02A
:20BC4800DA0089FF0609910000F6D9FF84A0DA0134FF3C38FF6403803C3509400008DA40A4
:20BC68003E023C3009400408DA3D3E023C2B910000F6D9FF84A0094F01082CF1910000F675
:20BC8800D9FF84A0094F02082CF2910000F6D9FF84A0094F03082CF3910000F6D9FF84A098
:20BCA800DA002CF4910000F6D9FF84A0B0546DFF49FE89F20609910000F6D9FF84A0DA0160
:20BCC80034FF0090910000F6D9FF98F049A2000A49FF000AA024442F64FFFC4E910000F600
:20BCE800D9FF98A0DA0074FF0090DA647F4F04803B400640910000F6D9FF9CA034F40090AB
:20BD08002010910000F6D9FF90A0D4FF91000026D92298E07D2F0780910000C6D9CCB8E098
:20BD28003C05910000C6D9CC98E0910000F6D9FF94A014F86D005035910000F6D9FF98F0CE
:20BD480049FF000A49A2000AA02444F06420FC4E02246D00513514A0DA00BE04DA01BE0AC2
:20BD680082215F01300082315F017A0082415F01DA00DA055F0F4D01DA065F0F76011D0081
:20BD8800A80182045348205040C46D00942D1D00A00182003C13534020F010CF0CA134FF3E
:20BDA800534020F010CF0CA22CF1534020F010CF0CA32CF2C210370068003F80EEFF1D00A5
:20BDC8008801910000F6D9FF98A054F43BF00F506D006A1F022382023C22534220F010CFE8
:20BDE8000CA1733F0A00DAFF4BF0010234F0534220F010CF0CA2733F0A00DAFF4BF0010292
:20BE08002810534220F010CF0CA3733F0A00DAFF4BF001022820C212370268203F82DFFF60
:20BE280009AFC8086E0709A0C808DA144BF001023C033B2003007605DAFF4B0F01023C02CC
:20BE48008250910000F6D9FF98A091000026D92298A0542F420F74FF1D003B010CA56E04C4
:20BE680009A945083C028249910000F6D9FF98A054F082414B1011024B8011A2820C3C3E20
:20BE88000BCB8000CE0242807F9027005A09370F70F053FF2FF04B9F010237006860910085
:20BEA80000F6D9FF98A054F0DA083B0030104B810122732C0A1003F00AF13B0030004B0F78
:20BEC80011023BF00F5002146D000B01534C20F010CF74F23C10534C20F010CFDA0034FF53
:20BEE800534C20F010CFDA002CF1534C20F010CFDA002CF2C21C370C68C03F8CC3FF0CA4A9
:20BF08006E030CA43C02DA03910000F6D9FF98A091000026D92298A0542042F074F01D0035
:20BF2800D8000CA56E0409A245083C0282320CA6EE0C910000F6D9FF98A054F082414B106F
:20BF480011024B8011423C0F9AF8910000F6D9FF98A054F082414B1011024B80110252107F
:20BF68003700685082033C460CA6EE040B3580003C030B538000CE0242807F202A000B02DA
:20BF880080003700700053F02F004B20010237006860534320F010CF0CA1736F0A00DAFF9C
:20BFA8004BF0010234F0534320F010CF0CA2736F0A00DAFF4BF001022810534320F010CF24
:20BFC8000CA3E2F6DAFF4BF6010228203C10534320F010CFDA0034FF534320F010CFDA0030
:20BFE8002CF1534320F010CFDA002CF2C213370368303F83BBFF910000F6D9FF98A0910054
:20C008000026D92298A0542FC21F74FF3C61910000F6D9FF98A054FF3B0030004B0F110289
:20C028003BF00F503BF00F6002146D005A0082003C08534020F010CF74F2C21037006800D8
:20C048003F80F9FF0CA46E030CA43C02DA03910000F6D9FF98A091000026D92298A0542040
:20C0680042F074F03C35910000F6D9FF9CA014F0E280DA644BF001023700681082003C25A2
:20C088007F101280534020F010CF0CA134FF534020F010CF0CA22CF1534020F010CF0CA397
:20C0A8002CF23C10534020F010CFDA0034FF534020F010CFDA002CF1534020F010CFDA00AA
:20C0C8002CF2C210370068003F80DCFF3C01910000F6D9FF90A0F4FC6D00A30000903B0098
:20C0E80010F04BF401223B0010F04BF40102370168408BF50F01E260DAFF4BF00182734558
:20C108000A00DAFF4BF001028BF00F01E260DAFF4BF001028BF40FF1E2F5DAFF4BF5014260
:20C128008BF40F41E264DAFF4BF4014237046840DA003E2ADA013E2FDA02BE24DA03BE2998
:20C14800DA04BE2E3C243762082037420824378208283C24370208203762082437820828EF
:20C168003C1D3782082037620824374208283C163782082037020824376208283C0F3742EA
:20C18800082037820824376208283C083762082037820824370208283C013C0100903B9099
:20C1A80028408215820682376D00C83B910000F6D9FFA0A0DA0034FF910000F6D9FF94A088
:20C1C800DA0834FF910000F6D9FF98A0DA0074FF91000046D94498F082043BC000506D00A4
:20C1E8006A2B91000046D94498E082043B0002506D00612B91000046D944B8E082043B00DD
:20C2080002506D00582B910000F6D9FF90A091000026D92298E0F4F26D00030000909100A4
:20C2280000F6D9FFA0A014FF6E031D003C1D910000F6D9FFA0A0DA0134FF6D00CD320224AF
:20C24800910000F6D9FF90A0D4F282011D00181D534120F0102F08128F923FF01601DF0F5A
:20C268009400914000FF39FF010C9602914000FFE9FF010C000000000000000000000000B0
:20C28800000000000000000000000000000000000000000000000000000000000000000096
:20C2A800000000000000000000000000000000000000000000000000000000000000000076
:20C2C800000000000000000000000000000000000000000000000000000000000000000056
:20C2E800000000000000000000000000000000000000000000000000000000000000000036
:20C308000000000000000000000000000000000000000000914000FF39F0010CB7008100D7
:20C32800914000FFE9F0010C0000000000000000000000000000000000000000000000003F
:20C348000000000000000000000000000000000000000000000000000000000000000000D5
:20C368000000000000000000000000000000000000000000000000000000000000000000B5
:20C3880000001D00A100914000FF39FF010C9602914000FFE9FF010C000000000000000065
:20C3A800000000000000000000000000000000000000000000000000000000000000000075
:20C3C800000000000000000000000000000000000000000000000000000000000000000055
:20C3E8000000000000000000914000FF39F0010CB7008100914000FFE9F0010C0000000041
:20C40800000000000000000000000000000000000000000000000000000000000000000014
:20C428000000000000000000000000000000000000000000000000000000000000000000F4
:20C448000000000000000000000000000000000000000000000000000000000000000000D4
:20C468000000000000000000000000000000000000000000000000000000000000000000B4
:20C48800000000000000000000000000000000000000000000000000000000000000000094
:20C4A800000000000000000000000000000000000000000000000000000000000000000074
:20C4C800000000008FA23FF01601DF0F9400914000FF39FF010C9602914000FFE9FF010CE9
:20C4E800000000000000000000000000000000000000000000000000000000000000000034
:20C50800000000000000000000000000000000000000000000000000000000000000000013
:20C528000000000000000000000000000000000000000000000000000000000000000000F3
:20C548000000000000000000000000000000000000000000000000000000000000000000D3
:20C568000000000000000000000000000000000000000000000000000000000000000000B3
:20C58800914000FF39FF010CB70F81F0914000FFE9FF010C00000000000000000000000082
:20C5A800000000000000000000000000000000000000000000000000000000000000000073
:20C5C800000000000000000000000000000000000000000000000000000000000000000053
:20C5E80000000000000000000000000000001D00A100914000FF39FF010C9602914000FFF8
:20C60800E9FF010C000000000000000000000000000000000000000000000000000000001D
:20C628000000000000000000000000000000000000000000000000000000000000000000F2
:20C648000000000000000000000000000000000000000000914000FF39FF010CB70F81F086
:20C66800914000FFE9FF010C000000000000000000000000000000000000000000000000ED
:20C68800000000000000000000000000000000000000000000000000000000000000000092
:20C6A800000000000000000000000000000000000000000000000000000000000000000072
:20C6C800000000000000000000000000000000000000000000000000000000000000000052
:20C6E800000000000000000000000000000000000000000000000000000000000000000032
:20C70800000000000000000000000000000000000000000000000000000000000000000011
:20C72800000000000000000000000000000000008FB23FF01601DF0F9400914000FF39FFE0
:20C74800010C9602914000FFE9FF010C000000000000000000000000000000000000000067
:20C768000000000000000000000000000000000000000000000000000000000000000000B1
:20C78800000000000000000000000000000000000000000000000000000000000000000091
:20C7A800000000000000000000000000000000000000000000000000000000000000000071
:20C7C800000000000000000000000000000000000000000000000000000000000000000051
:20C7E800000000000000000000000000914000FF39FF010CB70F81F0914000FFE9FF010C20
:20C80800000000000000000000000000000000000000000000000000000000000000000010
:20C828000000000000000000000000000000000000000000000000000000000000000000F0
:20C8480000000000000000000000000000000000000000000000000000001D00A100914041
:20C8680000FF39FF010C9602914000FFE9FF010C000000000000000000000000000000000F
:20C88800000000000000000000000000000000000000000000000000000000000000000090
:20C8A800000000000000000000000000000000000000000000000000000000000000000070
:20C8C800914000FF39FF010CB70F81F0914000FFE9FF010C0000000000000000000000003F
:20C8E800000000000000000000000000000000000000000000000000000000000000000030
:20C9080000000000000000000000000000000000000000000000000000000000000000000F
:20C928000000000000000000000000000000000000000000000000000000000000000000EF
:20C948000000000000000000000000000000000000000000000000000000000000000000CF
:20C968000000000000000000000000000000000000000000000000000000000000000000AF
:20C98800000000000000000000000000000000000000000000000000000000008FC23FF00F
:20C9A8001601DF0F9400914000FF39FF010C9602914000FFE9FF010C000000000000000064
:20C9C80000000000000000000000000000000000000000000000000000000000000000004F
:20C9E80000000000000000000000000000000000000000000000000000000000000000002F
:20CA080000000000000000000000000000000000000000000000000000000000000000000E
:20CA28000000000000000000000000000000000000000000000000000000000000000000EE
:20CA4800000000000000000000000000000000000000000000000000914000FF39FF010CB9
:20CA6800B70F81F0914000FFE9FF010C0000000000000000000000000000000000000000B2
:20CA880000000000000000000000000000000000000000000000000000000000000000008E
:20CAA80000000000000000000000000000000000000000000000000000000000000000006E
:20CAC8000000000000001D00A100914000FF39FF010C9602914000FFE9FF010C000000001E
:20CAE80000000000000000000000000000000000000000000000000000000000000000002E
:20CB080000000000000000000000000000000000000000000000000000000000000000000D
:20CB2800000000000000000000000000914000FF39FF010CB70F81F0914000FFE9FF010CDC
:20CB48000000000000000000000000000000000000000000000000000000000000000000CD
:20CB68000000000000000000000000000000000000000000000000000000000000000000AD
:20CB880000000000000000000000000000000000000000000000000000000000000000008D
:20CBA80000000000000000000000000000000000000000000000000000000000000000006D
:20CBC80000000000000000000000000000000000000000000000000000000000000000004D
:20CBE80000000000000000000000000000000000000000000000000000000000000000002D
:20CC080000000000000000008FD23FF01601DF0F9400914000FF39FF010C9602914000FF66
:20CC2800E9FF010C00000000000000000000000000000000000000000000000000000000F7
:20CC48000000000000000000000000000000000000000000000000000000000000000000CC
:20CC68000000000000000000000000000000000000000000000000000000000000000000AC
:20CC880000000000000000000000000000000000000000000000000000000000000000008C
:20CCA80000000000000000000000000000000000000000000000000000000000000000006C
:20CCC80000000000914000FF39FF010CB70F81F0914000FFE9FF010C00000000000000003B
:20CCE80000000000000000000000000000000000000000000000000000000000000000002C
:20CD080000000000000000000000000000000000000000000000000000000000000000000B
:20CD28000000000000000000000000000000000000001D00A100914000FF39FF010C960280
:20CD4800914000FFE9FF010C00000000000000000000000000000000000000000000000006
:20CD68000000000000000000000000000000000000000000000000000000000000000000AB
:20CD8800000000000000000000000000000000000000000000000000914000FF39FF010C76
:20CDA800B70F81F0914000FFE9FF010C00000000000000000000000000000000000000006F
:20CDC80000000000000000000000000000000000000000000000000000000000000000004B
:20CDE80000000000000000000000000000000000000000000000000000000000000000002B
:20CE080000000000000000000000000000000000000000000000000000000000000000000A
:20CE28000000000000000000000000000000000000000000000000000000000000000000EA
:20CE48000000000000000000000000000000000000000000000000000000000000000000CA
:20CE680000000000000000000000000000000000000000008FE23FF01601DF0F94009140A0
:20CE880000FF39FF010C9602914000FFE9FF010C00000000000000000000000000000000E9
:20CEA80000000000000000000000000000000000000000000000000000000000000000006A
:20CEC80000000000000000000000000000000000000000000000000000000000000000004A
:20CEE80000000000000000000000000000000000000000000000000000000000000000002A
:20CF0800000000000000000000000000000000000000000000000000000000000000000009
:20CF280000000000000000000000000000000000914000FF39FF010CB70F81F0914000FFCD
:20CF4800E9FF010C00000000000000000000000000000000000000000000000000000000D4
:20CF68000000000000000000000000000000000000000000000000000000000000000000A9
:20CF88000000000000000000000000000000000000000000000000000000000000001D006C
:20CFA800A100914000FF39FF010C9602914000FFE9FF010C00000000000000000000000056
:20CFC800000000000000000000000000000000000000000000000000000000000000000049
:20CFE800000000000000000000000000000000000000000000000000000000000000000029
:20D0080000000000914000FF39FF010CB70F81F0914000FFE9FF010C0000000000000000F7
:20D028000000000000000000000000000000000000000000000000000000000000000000E8
:20D048000000000000000000000000000000000000000000000000000000000000000000C8
:20D068000000000000000000000000000000000000000000000000000000000000000000A8
:20D08800000000000000000000000000000000000000000000000000000000000000000088
:20D0A800000000000000000000000000000000000000000000000000000000000000000068
:20D0C800000000000000000000000000000000000000000000000000000000000000000048
:20D0E8008FF23FF01601DF0F9400914000FF39FF010C9602914000FFE9FF010C000000006D
:20D10800000000000000000000000000000000000000000000000000000000000000000007
:20D128000000000000000000000000000000000000000000000000000000000000000000E7
:20D148000000000000000000000000000000000000000000000000000000000000000000C7
:20D168000000000000000000000000000000000000000000000000000000000000000000A7
:20D1880000000000000000000000000000000000000000000000000000000000914000FFB7
:20D1A80039FF010CB70F81F0914000FFE9FF010C0000000000000000000000000000000026
:20D1C800000000000000000000000000000000000000000000000000000000000000000047
:20D1E800000000000000000000000000000000000000000000000000000000000000000027
:20D20800000000000000000000001D00A100914000FF39FF010C9602914000FFE9FF010CD6
:20D228000000000000000000000000000000000000000000000000000000000000000000E6
:20D248000000000000000000000000000000000000000000000000000000000000000000C6
:20D2680000000000000000000000000000000000914000FF39FF010CB70F81F0914000FF8A
:20D28800E9FF010C0000000000000000000000000000000000000000000000000000000091
:20D2A800000000000000000000000000000000000000000000000000000000000000000066
:20D2C800000000000000000000000000000000000000000000000000000000000000000046
:20D2E800000000000000000000000000000000000000000000000000000000000000000026
:20D30800000000000000000000000000000000000000000000000000000000000000000005
:20D328000000000000000000000000000000000000000000000000000000000000000000E5
:20D348000000000000000000000000006F029400914000FF39FF010C9602914000FFE9FF5B
:20D36800010C00000000000000000000000000000000000000000000000000000000000098
:20D38800000000000000000000000000000000000000000000000000000000000000000085
:20D3A800000000000000000000000000000000000000000000000000000000000000000065
:20D3C800000000000000000000000000000000000000000000000000000000000000000045
:20D3E800000000000000000000000000000000000000000000000000000000000000000025
:20D408000000914000FF39FF010CB70F81F0914000FFE9FF010C00000000000000000000F3
:20D428000000000000000000000000000000000000000000000000000000000000000000E4
:20D448000000000000000000000000000000000000000000000000000000000000000000C4
:20D46800000000000000000000000000000000001D00A100914000FF39FF010C9602914068
:20D4880000FFE9FF010C000000000000000000000000000000000000000000000000000090
:20D4A800000000000000000000000000000000000000000000000000000000000000000064
:20D4C80000000000000000000000000000000000000000000000914000FF39FF010CB70F69
:20D4E80081F0914000FFE9FF010C00000000000000000000000000000000000000000000EE
:20D50800000000000000000000000000000000000000000000000000000000000000000003
:20D528000000000000000000000000000000000000000000000000000000000000000000E3
:20D548000000000000000000000000000000000000000000000000000000000000000000C3
:20D568000000000000000000000000000000000000000000000000000000000000000000A3
:20D58800000000000000000000000000000000000000000000000000000000000000000083
:20D5A800000000000000000000000000000000000000534120F0102F14F08F903FF0160117
:20D5C800DF0F9400914000FF39FF010C9602914000FFE9FF010C000000000000000000004F
:20D5E800000000000000000000000000000000000000000000000000000000000000000023
:20D60800000000000000000000000000000000000000000000000000000000000000000002
:20D628000000000000000000000000000000000000000000000000000000000000000000E2
:20D648000000000000000000000000000000000000000000000000000000000000000000C2
:20D6680000000000000000000000000000000000000000000000914000FF39FF010CB70FC7
:20D6880081F0914000FFE9FF010C000000000000000000000000000000000000000000004C
:20D6A800000000000000000000000000000000000000000000000000000000000000000062
:20D6C800000000000000000000000000000000000000000000000000000000000000000042
:20D6E800000000001D00A100914000FF39FF010C9602914000FFE9FF010C000000000000F2
:20D70800000000000000000000000000000000000000000000000000000000000000000001
:20D728000000000000000000000000000000000000000000000000000000000000000000E1
:20D7480000000000000000000000914000FF39FF010CB70F81F0914000FFE9FF010C0000B0
:20D768000000000000000000000000000000000000000000000000000000000000000000A1
:20D78800000000000000000000000000000000000000000000000000000000000000000081
:20D7A800000000000000000000000000000000000000000000000000000000000000000061
:20D7C800000000000000000000000000000000000000000000000000000000000000000041
:20D7E800000000000000000000000000000000000000000000000000000000000000000021
:20D80800000000000000000000000000000000000000000000000000000000000000000000
:20D828000000000000008FA03FF01601DF0F9400914000FF39FF010C9602914000FFE9FF84
:20D84800010C000000000000000000000000000000000000000000000000000000000000B3
:20D868000000000000000000000000000000000000000000000000000000000000000000A0
:20D88800000000000000000000000000000000000000000000000000000000000000000080
:20D8A800000000000000000000000000000000000000000000000000000000000000000060
:20D8C800000000000000000000000000000000000000000000000000000000000000000040
:20D8E8000000914000FF39FF010CB70F81F0914000FFE9FF010C000000000000000000000F
:20D908000000000000000000000000000000000000000000000000000000000000000000FF
:20D928000000000000000000000000000000000000000000000000000000000000000000DF
:20D94800000000000000000000000000000000001D00A100914000FF39FF010C9602914083
:20D9680000FFE9FF010C0000000000000000000000000000000000000000000000000000AB
:20D9880000000000000000000000000000000000000000000000000000000000000000007F
:20D9A80000000000000000000000000000000000000000000000914000FF39FF010CB70F84
:20D9C80081F0914000FFE9FF010C0000000000000000000000000000000000000000000009
:20D9E80000000000000000000000000000000000000000000000000000000000000000001F
:20DA08000000000000000000000000000000000000000000000000000000000000000000FE
:20DA28000000000000000000000000000000000000000000000000000000000000000000DE
:20DA48000000000000000000000000000000000000000000000000000000000000000000BE
:20DA680000000000000000000000000000000000000000000000000000000000000000009E
:20DA88000000000000000000000000000000000000008FB03FF01601DF0F9400914000FFA7
:20DAA80039FF010C9602914000FFE9FF010C000000000000000000000000000000000000BC
:20DAC80000000000000000000000000000000000000000000000000000000000000000003E
:20DAE80000000000000000000000000000000000000000000000000000000000000000001E
:20DB08000000000000000000000000000000000000000000000000000000000000000000FD
:20DB28000000000000000000000000000000000000000000000000000000000000000000DD
:20DB48000000000000000000000000000000914000FF39FF010CB70F81F0914000FFE9FFB9
:20DB6800010C00000000000000000000000000000000000000000000000000000000000090
:20DB880000000000000000000000000000000000000000000000000000000000000000007D
:20DBA800000000000000000000000000000000000000000000000000000000001D00A1009F
:20DBC800914000FF39FF010C9602914000FFE9FF010C0000000000000000000000000000CB
:20DBE80000000000000000000000000000000000000000000000000000000000000000001D
:20DC08000000000000000000000000000000000000000000000000000000000000000000FC
:20DC28000000914000FF39FF010CB70F81F0914000FFE9FF010C00000000000000000000CB
:20DC48000000000000000000000000000000000000000000000000000000000000000000BC
:20DC680000000000000000000000000000000000000000000000000000000000000000009C
:20DC880000000000000000000000000000000000000000000000000000000000000000007C
:20DCA80000000000000000000000000000000000000000000000000000000000000000005C
:20DCC80000000000000000000000000000000000000000000000000000000000000000003C
:20DCE8000000000000000000000000000000000000000000000000000000000000008FC0CD
:20DD08003FF01601DF0F9400914000FF39FF010C9602914000FFE9FF010C000000000000C1
:20DD28000000000000000000000000000000000000000000000000000000000000000000DB
:20DD48000000000000000000000000000000000000000000000000000000000000000000BB
:20DD680000000000000000000000000000000000000000000000000000000000000000009B
:20DD880000000000000000000000000000000000000000000000000000000000000000007B
:20DDA8000000000000000000000000000000000000000000000000000000914000FF39FF53
:20DDC800010CB70F81F0914000FFE9FF010C00000000000000000000000000000000000032
:20DDE80000000000000000000000000000000000000000000000000000000000000000001B
:20DE08000000000000000000000000000000000000000000000000000000000000000000FA
:20DE280000000000000000001D00A100914000FF39FF010C9602914000FFE9FF010C0000AA
:20DE48000000000000000000000000000000000000000000000000000000000000000000BA
:20DE680000000000000000000000000000000000000000000000000000000000000000009A
:20DE88000000000000000000000000000000914000FF39FF010CB70F81F0914000FFE9FF76
:20DEA800010C0000000000000000000000000000000000000000000000000000000000004D
:20DEC80000000000000000000000000000000000000000000000000000000000000000003A
:20DEE80000000000000000000000000000000000000000000000000000000000000000001A
:20DF08000000000000000000000000000000000000000000000000000000000000000000F9
:20DF28000000000000000000000000000000000000000000000000000000000000000000D9
:20DF48000000000000000000000000000000000000000000000000000000000000000000B9
:20DF6800000000000000000000008FD03FF01601DF0F9400914000FF39FF010C96029140F4
:20DF880000FFE9FF010C000000000000000000000000000000000000000000000000000085
:20DFA800000000000000000000000000000000000000000000000000000000000000000059
:20DFC800000000000000000000000000000000000000000000000000000000000000000039
:20DFE800000000000000000000000000000000000000000000000000000000000000000019
:20E008000000000000000000000000000000000000000000000000000000000000000000F8
:20E02800000000000000914000FF39FF010CB70F81F0914000FFE9FF010C000000000000C7
:20E048000000000000000000000000000000000000000000000000000000000000000000B8
:20E06800000000000000000000000000000000000000000000000000000000000000000098
:20E0880000000000000000000000000000000000000000001D00A100914000FF39FF010CA5
:20E0A8009602914000FFE9FF010C00000000000000000000000000000000000000000000FB
:20E0C800000000000000000000000000000000000000000000000000000000000000000038
:20E0E8000000000000000000000000000000000000000000000000000000914000FF39FF10
:20E10800010CB70F81F0914000FFE9FF010C000000000000000000000000000000000000EE
:20E128000000000000000000000000000000000000000000000000000000000000000000D7
:20E148000000000000000000000000000000000000000000000000000000000000000000B7
:20E16800000000000000000000000000000000000000000000000000000000000000000097
:20E18800000000000000000000000000000000000000000000000000000000000000000077
:20E1A800000000000000000000000000000000000000000000000000000000000000000057
:20E1C800000000000000000000000000000000000000000000008FE03FF01601DF0F940000
:20E1E800914000FF39FF010C9602914000FFE9FF010C0000000000000000000000000000A5
:20E208000000000000000000000000000000000000000000000000000000000000000000F6
:20E228000000000000000000000000000000000000000000000000000000000000000000D6
:20E248000000000000000000000000000000000000000000000000000000000000000000B6
:20E26800000000000000000000000000000000000000000000000000000000000000000096
:20E28800000000000000000000000000000000000000914000FF39FF010CB70F81F0914059
:20E2A80000FFE9FF010C000000000000000000000000000000000000000000000000000062
:20E2C800000000000000000000000000000000000000000000000000000000000000000036
:20E2E800000000000000000000000000000000000000000000000000000000000000000016
:20E308001D00A100914000FF39FF010C9602914000FFE9FF010C00000000000000000000C5
:20E328000000000000000000000000000000000000000000000000000000000000000000D5
:20E348000000000000000000000000000000000000000000000000000000000000000000B5
:20E36800000000000000914000FF39FF010CB70F81F0914000FFE9FF010C00000000000084
:20E38800000000000000000000000000000000000000000000000000000000000000000075
:20E3A800000000000000000000000000000000000000000000000000000000000000000055
:20E3C800000000000000000000000000000000000000000000000000000000000000000035
:20E3E800000000000000000000000000000000000000000000000000000000000000000015
:20E408000000000000000000000000000000000000000000000000000000000000000000F4
:20E428000000000000000000000000000000000000000000000000000000000000000000D4
:20E4480000008FF03FF01601DF0F9400914000FF39FF010C9602914000FFE9FF010C0000FB
:20E46800000000000000000000000000000000000000000000000000000000000000000094
:20E48800000000000000000000000000000000000000000000000000000000000000000074
:20E4A800000000000000000000000000000000000000000000000000000000000000000054
:20E4C800000000000000000000000000000000000000000000000000000000000000000034
:20E4E800000000000000000000000000000000000000000000000000000000000000914043
:20E5080000FF39FF010CB70F81F0914000FFE9FF010C0000000000000000000000000000B3
:20E528000000000000000000000000000000000000000000000000000000000000000000D3
:20E548000000000000000000000000000000000000000000000000000000000000000000B3
:20E568000000000000000000000000001D00A100914000FF39FF010C9602914000FFE9FF70
:20E58800010C00000000000000000000000000000000000000000000000000000000000066
:20E5A800000000000000000000000000000000000000000000000000000000000000000053
:20E5C800000000000000000000000000000000000000914000FF39FF010CB70F81F0914016
:20E5E80000FFE9FF010C00000000000000000000000000000000000000000000000000001F
:20E608000000000000000000000000000000000000000000000000000000000000000000F2
:20E628000000000000000000000000000000000000000000000000000000000000000000D2
:20E648000000000000000000000000000000000000000000000000000000000000000000B2
:20E66800000000000000000000000000000000000000000000000000000000000000000092
:20E68800000000000000000000000000000000000000000000000000000000000000000072
:20E6A80000000000000000000000000000006F009400914000FF39FF010C9602914000FFD2
:20E6C800E9FF010C000000000000000000000000000000000000000000000000000000003D
:20E6E800000000000000000000000000000000000000000000000000000000000000000012
:20E708000000000000000000000000000000000000000000000000000000000000000000F1
:20E728000000000000000000000000000000000000000000000000000000000000000000D1
:20E748000000000000000000000000000000000000000000000000000000000000000000B1
:20E7680000000000914000FF39FF010CB70F81F0914000FFE9FF010C000000000000000080
:20E78800000000000000000000000000000000000000000000000000000000000000000071
:20E7A800000000000000000000000000000000000000000000000000000000000000000051
:20E7C8000000000000000000000000000000000000001D00A100914000FF39FF010C9602C6
:20E7E800914000FFE9FF010C0000000000000000000000000000000000000000000000004C
:20E808000000000000000000000000000000000000000000000000000000000000000000F0
:20E82800000000000000000000000000000000000000000000000000914000FF39FF010CBB
:20E84800B70F81F0914000FFE9FF010C0000000000000000000000000000000000000000B4
:20E86800000000000000000000000000000000000000000000000000000000000000000090
:20E88800000000000000000000000000000000000000000000000000000000000000000070
:20E8A800000000000000000000000000000000000000000000000000000000000000000050
:20E8C800000000000000000000000000000000000000000000000000000000000000000030
:20E8E800000000000000000000000000000000000000000000000000000000000000000010
:20E908000000000000000000000000000000000000000000534120F0102F08228F923FF092
:20E928001601DF0F9400914000FF39FF010C9602914000FFE9FF010C0000000000000000C4
:20E948000000000000000000000000000000000000000000000000000000000000000000AF
:20E9680000000000000000000000000000000000000000000000000000000000000000008F
:20E9880000000000000000000000000000000000000000000000000000000000000000006F
:20E9A80000000000000000000000000000000000000000000000000000000000000000004F
:20E9C800000000000000000000000000000000000000000000000000914000FF39F0010C29
:20E9E800B7008100914000FFE9F0010C000000000000000000000000000000000000000021
:20EA08000000000000000000000000000000000000000000000000000000000000000000EE
:20EA28000000000000000000000000000000000000000000000000000000000000000000CE
:20EA48000000000000001D00A100914000FF39FF010C9602914000FFE9FF010C000000007E
:20EA680000000000000000000000000000000000000000000000000000000000000000008E
:20EA880000000000000000000000000000000000000000000000000000000000000000006E
:20EAA800000000000000000000000000914000FF39F0010CB7008100914000FFE9F0010C5A
:20EAC80000000000000000000000000000000000000000000000000000000000000000002E
:20EAE80000000000000000000000000000000000000000000000000000000000000000000E
:20EB08000000000000000000000000000000000000000000000000000000000000000000ED
:20EB28000000000000000000000000000000000000000000000000000000000000000000CD
:20EB48000000000000000000000000000000000000000000000000000000000000000000AD
:20EB680000000000000000000000000000000000000000000000000000000000000000008D
:20EB880000000000000000008FA23FF01601DF0F9400914000FF39FF010C9602914000FFF7
:20EBA800E9FF010C0000000000000000000000000000000000000000000000000000000058
:20EBC80000000000000000000000000000000000000000000000000000000000000000002D
:20EBE80000000000000000000000000000000000000000000000000000000000000000000D
:20EC08000000000000000000000000000000000000000000000000000000000000000000EC
:20EC28000000000000000000000000000000000000000000000000000000000000000000CC
:20EC480000000000914000FF39FF010CB70F81F0914000FFE9FF010C00000000000000009B
:20EC680000000000000000000000000000000000000000000000000000000000000000008C
:20EC880000000000000000000000000000000000000000000000000000000000000000006C
:20ECA8000000000000000000000000000000000000001D00A100914000FF39FF010C9602E1
:20ECC800914000FFE9FF010C00000000000000000000000000000000000000000000000067
:20ECE80000000000000000000000000000000000000000000000000000000000000000000C
:20ED0800000000000000000000000000000000000000000000000000914000FF39FF010CD6
:20ED2800B70F81F0914000FFE9FF010C0000000000000000000000000000000000000000CF
:20ED48000000000000000000000000000000000000000000000000000000000000000000AB
:20ED680000000000000000000000000000000000000000000000000000000000000000008B
:20ED880000000000000000000000000000000000000000000000000000000000000000006B
:20EDA80000000000000000000000000000000000000000000000000000000000000000004B
:20EDC80000000000000000000000000000000000000000000000000000000000000000002B
:20EDE80000000000000000000000000000000000000000008FB23FF01601DF0F9400914031
:20EE080000FF39FF010C9602914000FFE9FF010C0000000000000000000000000000000049
:20EE28000000000000000000000000000000000000000000000000000000000000000000CA
:20EE48000000000000000000000000000000000000000000000000000000000000000000AA
:20EE680000000000000000000000000000000000000000000000000000000000000000008A
:20EE880000000000000000000000000000000000000000000000000000000000000000006A
:20EEA80000000000000000000000000000000000914000FF39FF010CB70F81F0914000FF2E
:20EEC800E9FF010C0000000000000000000000000000000000000000000000000000000035
:20EEE80000000000000000000000000000000000000000000000000000000000000000000A
:20EF08000000000000000000000000000000000000000000000000000000000000001D00CC
:20EF2800A100914000FF39FF010C9602914000FFE9FF010C000000000000000000000000B6
:20EF48000000000000000000000000000000000000000000000000000000000000000000A9
:20EF6800000000000000000000000000000000000000000000000000000000000000000089
:20EF880000000000914000FF39FF010CB70F81F0914000FFE9FF010C000000000000000058
:20EFA800000000000000000000000000000000000000000000000000000000000000000049
:20EFC800000000000000000000000000000000000000000000000000000000000000000029
:20EFE800000000000000000000000000000000000000000000000000000000000000000009
:20F008000000000000000000000000000000000000000000000000000000000000000000E8
:20F028000000000000000000000000000000000000000000000000000000000000000000C8
:20F048000000000000000000000000000000000000000000000000000000000000000000A8
:20F068008FC23FF01601DF0F9400914000FF39FF010C9602914000FFE9FF010C00000000FD
:20F08800000000000000000000000000000000000000000000000000000000000000000068
:20F0A800000000000000000000000000000000000000000000000000000000000000000048
:20F0C800000000000000000000000000000000000000000000000000000000000000000028
:20F0E800000000000000000000000000000000000000000000000000000000000000000008
:20F1080000000000000000000000000000000000000000000000000000000000914000FF17
:20F1280039FF010CB70F81F0914000FFE9FF010C0000000000000000000000000000000086
:20F148000000000000000000000000000000000000000000000000000000000000000000A7
:20F16800000000000000000000000000000000000000000000000000000000000000000087
:20F18800000000000000000000001D00A100914000FF39FF010C9602914000FFE9FF010C37
:20F1A800000000000000000000000000000000000000000000000000000000000000000047
:20F1C800000000000000000000000000000000000000000000000000000000000000000027
:20F1E80000000000000000000000000000000000914000FF39FF010CB70F81F0914000FFEB
:20F20800E9FF010C00000000000000000000000000000000000000000000000000000000F1
:20F228000000000000000000000000000000000000000000000000000000000000000000C6
:20F248000000000000000000000000000000000000000000000000000000000000000000A6
:20F26800000000000000000000000000000000000000000000000000000000000000000086
:20F28800000000000000000000000000000000000000000000000000000000000000000066
:20F2A800000000000000000000000000000000000000000000000000000000000000000046
:20F2C8000000000000000000000000008FD23FF01601DF0F9400914000FF39FF010C960250
:20F2E800914000FFE9FF010C00000000000000000000000000000000000000000000000041
:20F308000000000000000000000000000000000000000000000000000000000000000000E5
:20F328000000000000000000000000000000000000000000000000000000000000000000C5
:20F348000000000000000000000000000000000000000000000000000000000000000000A5
:20F36800000000000000000000000000000000000000000000000000000000000000000085
:20F388000000000000000000914000FF39FF010CB70F81F0914000FFE9FF010C0000000054
:20F3A800000000000000000000000000000000000000000000000000000000000000000045
:20F3C800000000000000000000000000000000000000000000000000000000000000000025
:20F3E800000000000000000000000000000000000000000000001D00A100914000FF39FF3F
:20F40800010C9602914000FFE9FF010C00000000000000000000000000000000000000007A
:20F428000000000000000000000000000000000000000000000000000000000000000000C4
:20F4480000000000000000000000000000000000000000000000000000000000914000FFD4
:20F4680039FF010CB70F81F0914000FFE9FF010C0000000000000000000000000000000043
:20F48800000000000000000000000000000000000000000000000000000000000000000064
:20F4A800000000000000000000000000000000000000000000000000000000000000000044
:20F4C800000000000000000000000000000000000000000000000000000000000000000024
:20F4E800000000000000000000000000000000000000000000000000000000000000000004
:20F508000000000000000000000000000000000000000000000000000000000000000000E3
:20F528000000000000000000000000000000000000000000000000008FE23FF01601DF0F1E
:20F548009400914000FF39FF010C9602914000FFE9FF010C0000000000000000000000009D
:20F56800000000000000000000000000000000000000000000000000000000000000000083
:20F58800000000000000000000000000000000000000000000000000000000000000000063
:20F5A800000000000000000000000000000000000000000000000000000000000000000043
:20F5C800000000000000000000000000000000000000000000000000000000000000000023
:20F5E8000000000000000000000000000000000000000000914000FF39FF010CB70F81F0B7
:20F60800914000FFE9FF010C0000000000000000000000000000000000000000000000001D
:20F628000000000000000000000000000000000000000000000000000000000000000000C2
:20F648000000000000000000000000000000000000000000000000000000000000000000A2
:20F6680000001D00A100914000FF39FF010C9602914000FFE9FF010C000000000000000052
:20F68800000000000000000000000000000000000000000000000000000000000000000062
:20F6A800000000000000000000000000000000000000000000000000000000000000000042
:20F6C8000000000000000000914000FF39FF010CB70F81F0914000FFE9FF010C0000000011
:20F6E800000000000000000000000000000000000000000000000000000000000000000002
:20F708000000000000000000000000000000000000000000000000000000000000000000E1
:20F728000000000000000000000000000000000000000000000000000000000000000000C1
:20F748000000000000000000000000000000000000000000000000000000000000000000A1
:20F76800000000000000000000000000000000000000000000000000000000000000000081
:20F78800000000000000000000000000000000000000000000000000000000000000000061
:20F7A800000000008FF23FF01601DF0F9400914000FF39FF010C9602914000FFE9FF010C86
:20F7C800000000000000000000000000000000000000000000000000000000000000000021
:20F7E800000000000000000000000000000000000000000000000000000000000000000001
:20F808000000000000000000000000000000000000000000000000000000000000000000E0
:20F828000000000000000000000000000000000000000000000000000000000000000000C0
:20F848000000000000000000000000000000000000000000000000000000000000000000A0
:20F86800914000FF39FF010CB70F81F0914000FFE9FF010C0000000000000000000000006F
:20F88800000000000000000000000000000000000000000000000000000000000000000060
:20F8A800000000000000000000000000000000000000000000000000000000000000000040
:20F8C80000000000000000000000000000001D00A100914000FF39FF010C9602914000FFE5
:20F8E800E9FF010C000000000000000000000000000000000000000000000000000000000B
:20F908000000000000000000000000000000000000000000000000000000000000000000DF
:20F928000000000000000000000000000000000000000000914000FF39FF010CB70F81F073
:20F94800914000FFE9FF010C000000000000000000000000000000000000000000000000DA
:20F9680000000000000000000000000000000000000000000000000000000000000000007F
:20F9880000000000000000000000000000000000000000000000000000000000000000005F
:20F9A80000000000000000000000000000000000000000000000000000000000000000003F
:20F9C80000000000000000000000000000000000000000000000000000000000000000001F
:20F9E8000000000000000000000000000000000000000000000000000000000000000000FF
:20FA0800000000000000000000000000000000006F029400914000FF39FF010C960291405B
:20FA280000FFE9FF010C0000000000000000000000000000000000000000000000000000CA
:20FA480000000000000000000000000000000000000000000000000000000000000000009E
:20FA680000000000000000000000000000000000000000000000000000000000000000007E
:20FA880000000000000000000000000000000000000000000000000000000000000000005E
:20FAA80000000000000000000000000000000000000000000000000000000000000000003E
:20FAC800000000000000914000FF39FF010CB70F81F0914000FFE9FF010C0000000000000D
:20FAE8000000000000000000000000000000000000000000000000000000000000000000FE
:20FB08000000000000000000000000000000000000000000000000000000000000000000DD
:20FB280000000000000000000000000000000000000000001D00A100914000FF39FF010CEA
:20FB48009602914000FFE9FF010C0000000000000000000000000000000000000000000040
:20FB680000000000000000000000000000000000000000000000000000000000000000007D
:20FB88000000000000000000000000000000000000000000000000000000914000FF39FF55
:20FBA800010CB70F81F0914000FFE9FF010C00000000000000000000000000000000000034
:20FBC80000000000000000000000000000000000000000000000000000000000000000001D
:20FBE8000000000000000000000000000000000000000000000000000000000000000000FD
:20FC08000000000000000000000000000000000000000000000000000000000000000000DC
:20FC28000000000000000000000000000000000000000000000000000000000000000000BC
:20FC480000000000000000000000000000000000000000000000000000000000000000009C
:20FC680000000000000000000000000000000000000000000000C21137016810910000F672
:20FC8800D9FF94A014FF3FF1E5E26D00B5153BC003406D002E1A910000F6D9FFA0A0DA00A3
:20FCA80034FF0090532520F04BF411027F5103803C04532520F0521102123C0100908F842D
:20FCC8001EF08F0F0801B70408FC3704E81BB71F812BDA7F7FF1048082020090DA967F1F79
:20FCE800048082023C068B6109F1325F0FF2002037024820760432523702482000908F8437
:20FD08001EF08F0F0801B70408FC3704E81BB71F812BDA7F7FF1048082020090DA967F1F38
:20FD2800048082023C068B6109F1325F0FF200203702502076043252370250200090B7043E
:20FD480008FC3704E80BB71F811BDA7F3FF00580DA967F0F0480820200908B6009F1325FDE
:20FD68000FF10010370168200090B70408FC3704E80BB71F814BDA7F7FF00480D2020090DC
:20FD8800DA967FF0078082058B6009611DFF649682058BA016601DFF6096B70408FC3704CF
:20FDA800E80BB71F811BDA7F3FF00580DA967F0F0480820200908B6009F1325F0FF10010AD
:20FDC8003701702000908B0420F28B0500F5EE0A7B0008008203B700892B8F7301F0A6F2A7
:20FDE800009082029B02F02FBBF0FF3F9BF3FF3F0F2480000F358010BA008B0100F4EE4C7B
:20FE08003B7001800B451068BB00FF1F9BF1FF1F8F0400012651BA008B0100F4EE2182018C
:20FE28009BF1FF1F8F0400012651BA008B0100F4EE098F751E107745804302153B0003804E
:20FE48003C0F8F351F107745804902153B4002803C078FF51F107745804F0215C2180F241E
:20FE680080000F3580108B0020F28B0100F5EEF202490B6710A8D2148B881E606DFFED954E
:20FE88000F2A80000F3B8010BA008B0100F4EE2B3B0008703C293B600930BB00000F9BF033
:20FEA8000F0026408F0500118B0020F28B0100F5EE073BA00830774500568FC400408200D3
:20FEC8009B00080082013C05C2F37745805006140B0430F10B1500F20B15A0F2EEF602403E
:20FEE8001DFF7BFF82078BF29F008BF3BF1026A026B1BA008B0100F4EE038F0744718BF8DC
:20FF08000760820402951D00050F91100048D944C8261D0002008208404F8209820A820B54
:20FF2800C81CC82D483C09FF1001DF1F238080CF160180D08F100001FE046E04C2FC04DF37
:20FF480024CF76CF8F3C00018FEC1FF06E0902F140D2C2F16014442164C1FC4E90DD020C19
:20FF6800DF0CE07FC2FC60C204DF24CFFC2E3CD9DE2580CF2E03C2FC24C9DF0CD37F8F3C04
:20FF880000F106EC76C5C2FC60C264CAFC2F6EC9C2FF60F224CBFC2F3CC48F0F1F00DF0002
:20FFA8002E008F3F0001DF102B8080CF8F3F00D180DF1603FEDB76DB02D440C440D56D00B6
:20FFC800EE0601CD00C601DD00D6A2DC76CF8F3C00018FEC1FF06E0902F140D2C2F1601421
:18FFE800442164C1FC4E90DD020CDF0C9B7F02C440C440D56D00D30688
:02000004800179
:200000003C9400901603DF2F91FF80CF16036E0702F440C46D00B00610CCA2FCDF0C867F65
:200020008F3C004106EC76C5C2FC60C264C8FC2FDF047C7F40C46D009F061DFF77FF20505A
:2000400089A4380989A62C0989A73409DA01A00F820909AA1019780C89A9081989A9280936
:2000600002A089A90019B70089FBF80678113700E8FB78080258404C029D405D8BFF0FC2BA
:200080007B00F8B376C658116E04029C09AD30095808BA0F7813F68A3B700600580B3E040C
:2000A0003B7004007E0382183C23580D6F5F21803B100600580B3E043B100400FE0958118E
:2000C000EE0382083C1582788F3F000082013C06C2F88FC31F107723000E0B011028FBF0B5
:2000E000000026202631BA008B0100F4EEF2DA00780F02A46D0014087625DA2D780F67AA7F
:20010000BFAFEE0E580D8F8F0101DA087E03DA2B3C068B000102580FAB0FA2F0780F09A0D5
:200120000019AA1089A00019DF0D1600580B910000F8D9FF51B210FF081F2E37910000F8BD
:20014000D9FF6C82F8063C1B910000F8D9FF7082F8063C15DF0C1D00580B910000F8D9FF16
:2001600051B210FF081F2E36910000F8D9FF74823C05910000F8D9FF7882F8065810BB903E
:20018000FF0F9239580D260F780D1D008C013B100600580B3E053B1004005F0F2780580802
:2001A000AB1F18FF780858109230F683580D2E22C210428058083BC0F91FC2207FF1060027
:2001C0003B4006103F1F0400DA033C0A3B60FF1F7FF106003BA000103F1F0400DA02780C2D
:2001E000580C12091D005F01580849AF0A0A6E7549A4140A02A46D008D0B09AC1409022A00
:20020000370CE8FB82006E55BBF028EC49AE130A7B0012D49B5ECFE33C3F49A20A0A7D2E6F
:200220000C8049AF120A49AE130AA07209F03FF489E03FF4FC2CBBD0CC0C58059BC0DC030E
:2002400049A4140A4B0F41406D00640B89A20609DF0914806B0E21F24BDB41B04BDF4140D8
:200260006DFF33FD762A4BBC514049A4140A82196D00500B89A2060909AF06096B0E21FFA2
:200280004BDF41406DFF21FD8B0203F089EF3FF4580AC21F780A5805370FE8FBEEBF3C03C7
:2002A00004EF24FF49A2130A012E20F4EEFA3C154B0A01F06F2F12007B0012043C064B0A86
:2002C00041A0580AC2FF780A4B0A41F089AF06094BBF01F06F0FF5FF3B600610580B0280C8
:2002E00082093E143B6004107E13580A12803B500610580B3E143B5004107E12C210CE03C5
:20030000DA003C038B7000F310A2492E0A0A3C117B0012F449A4060A4BFA41406D00FA0A97
:20032000022A09A406096DFFD0FC8B0203F024FF01FE20F4EE0649A2130A012F20F4EEE9D0
:2003400009EF000840EFC25F3C0A49AF0A0A01EF30F4EE0740EF09EF3FF4C21F34EF3C0850
:20036000DA3134EF49EF010A580AC21F780A09E00008DA393F0FEB7F89F93FF049A20A0ADB
:20038000012F20F4EE0609F00008DA305F0FF67F3B500600580BBE013B5004003E0E3B600E
:2003A00006005F0F3C003B6004005F0F3800580A3FF80400FFDF330058103B50062049AF89
:2003C0000A0A9210580B09A10A083E243B5004207E2C761349AF0B0A14FFEE04580DAE22BD
:2003E0007682C21042803C17028276158BF81F2049AF0B0A14FFEE03580D2E22C210820132
:200400003C0814FFEE03580D2E23C210B01FC2113F21F97F8B4000903C453B600600580BB2
:200420003E043B6004007E0F09A02809FA10AB10A09F581042F9F684580D6F2F34001A8979
:2004400092193C300280580A49AF0A0A4EF4581092193C0D09A1280958101219021F14F163
:200460007612B01FABF01F00C2FFEEFA14FF6E02F604580D6F2F1700580AC219325F3C041D
:20048000C2FFC219C2F07607FF1FFC7F3C04C219B01FC2F0760314FFEEFB580D16042B0934
:2004A000009F580F6E0D580D16036E0A61FFAF9309A43C0940C46D004404DA00780FD80639
:2004C000BD0F1A803B100600580B3E043B100400FE02580D16036E0F54DFC22F61FF8493DB
:2004E0006D002F04580B40C48B7F01406D002904DA017812580D6F0F1680580EA29F3C0F40
:2005000061FF8593580D40C416028B0F20F2864F8B0F02406D001504580EC2FF780EFF1F34
:20052000F17F580F6E0861FF729309A43C0940C46D000704D806BCFA40F440C56D0010044D
:2005400054DFC23F74DF1D008A013B100600580B3E053B1004005F0F9F808F282000581357
:200560008B7001018B1F03A1BF1022008201DA177FF00800821258110F021020262F6E0251
:20058000821182F2C2F00F0200F0C6F2F6145811262F6E045811A62F78115811C21F781115
:2005A000EF7F0600DA0078113B2003A05812EE0D54DFC22F61FF18936D00C303580B40C438
:2005C0008B7F01406D00BD0361FF219302A440C46D00B703F683580D2E2561FF12936D001B
:2005E000B00358113B8001B054D08F1F00A0428074D03C183B000340DF0B1100C2CB02B0EF
:2006000032500F0A00F0160F8B0F0340DA397F4F0600580B8B6F1CF042F440C46D009103C2
:20062000C2F8FF18E97F580B40C48BFF00406D0088035808CEF63BD00240325F78083C0397
:200640003BB0024040C46D007C03580C54D0C22F42F0580C820110AF34F13BA00010580CB8
:20066000C2FF370F68F0780C10AF58084B1F01228B0303F034FF09A220094B12012289A2B8
:200680006009DF02EEFF74D040A440C56D0068031D00E5003B50060049AF0A0ABE013B5035
:2006A00004003E0E3B6006005F0F78003B6004005F0F7400580A3FF80400FFDF6F0009A04F
:2006C0000A08580AAB1F20A076093B700610580B3E143B7004107E12C2F861FF9892760618
:2006E0003700684049AF0B0A3C033B00034040C46D00270314FFEE0B580DAE29768C3B50E1
:200700000600580B3E043B5004007E0561FF79926D001703820B3C1A09F00008F60A580DE1
:20072000AE283B500610580B3E143B5004107E1D61FF6D92760537006840B01F3C033B0051
:20074000034040C46D00FD02C21B3F8BE77F61FF5E92580B40C48FDF0F416D00F202C2FA47
:2007600054DFC21F0EA43BB002403C04325A3BD0024074DF40C46D00E40261FF3A928B000C
:20078000034040C46D00DD0261FF33928B01034040C46D00D6023C6209AA28094EA854DFDE
:2007A000C21F61FF21926D00CC023C1954D0C21074D014F47643B01F3C033B00034040C42A
:2007C0006D00BF023B600600580B3E063B6004003E03ABF81F88C2FAFF1AEA7F3B6006009A
:2007E000580B3E063B6004003E0314FF6E02F684580D6F2F340061FF0A92580A3BE0024083
:20080000325F3C0854D03B000340C21074D0C2FFC2F840C46D009502768BFF1FF57F3C08F1
:2008200061FFF59104F440C46D008B02C2F8768314FFEEF73B600600580B3E0E3B60040042
:200840003E0B580D2E2B3C0854DFC21F61FFCC916D007702C2F8DF08F9FF580EA29F3C0A10
:2008600054D03B00024040C4C21074D06D006902C2FFFF1FF77F00902010404C405D89A678
:200880008C09DA00780209D40008DF045002DA257E4409D001047E08B01D49A5080A40C45F
:2008A0006D0048023CF1820A0BAA108809DF01003BD002007E048F1A40A13CF93BB0020057
:2008C0007E07BBF0FE0F26A08F8040A13CF03B0002007E066F3AECFF8F0A41A13CE83B00CA
:2008E00003007E048F2A40A13CE23B3002007E048F4A40A13CDC3BA00200FE03D803B04F42
:20090000F80309F83CF9CE848F1A40A1325809DF01003C0D13A820FF8B0F1D8009DF010014
:200920008B0F1D0037006800BFA0F6FF3BE002005F0F23808F0A42A109DF01003BA002009D
:20094000FE05D803B04FF80309F93CF9CE968F1A40F1BBF0FDAF26FA09DF01003C0D13A9E5
:2009600020FF8B0F1D9009DF01008B0F1D0037006800BFA0F6FF3BC006007E048F0A48A179
:200980003C1E3B8006007E048F0A44A13C183BC004007E048F0A50A13C123BA006007E042C
:2009A000B71A81A43C0C3BA007007E04B71A01A53C063B400700FE01B71A81A53BC0060063
:2009C0003E043B8006007E0709D000087E04B71A01A6B01D09DF01003B3006005F0F2F8070
:2009E0008F1A00F1EE0E3C093B00024049A5080A40C46D009F01C2F87F890400FF28F67F2C
:200A0000D80340C449A5080AB04FF80309F03CF9370048406D008E01DF0F377F3C093B00F0
:200A2000024049A5080A40C46D008401C2F87F892C7FFF28F67F1DFF28FF3B400600BE01F2
:200A40003B9006003E0E3BF006003E0B3B8007003E083B8005003E053B5007005F0F59801B
:200A600082023B4006003E043B9006007E0282123B0008010F0A80105F0104006F9A0500EB
:200A80003B8000003C0282403B8000105F100980D80349FF080AF80309F078F93C15D80312
:200AA000B04FF80309F03CF90B0000080B0110483B0004010F0A80105F010D8076283704E8
:200AC00048000B0000080B0110483C13370468403C0F3B0004005F010B8076263704500089
:200AE0000B0000483C06370470403C02F62282056F5A0600BBD0FF0F260A3C0282190BFA23
:200B0000106889A440090B8910481D00CB003B300700FE066F5A0680BBF0FF9F9BF9FF97DB
:200B2000D8030BA8104840C5029649A6080AB04FF80309F4BCF96D00AB021DFFA6FE3B6010
:200B40000600BE063B600400BE033B500600BE003B5004003E0D3B7006003E0A3B7004009A
:200B60003E073B1006003E043B1004007E0DD8038F0A0211AB698091B04FF80302F609F02C
:200B80003CF974A03C2C3B200700FE086F6A0800D803B04FF80309F03CFA3C06D803B04F3B
:200BA000F80309F03CF98F0A02F1EA69DA004BF051F174AF3B6006603C123B200500FE09FD
:200BC000D8038F0A02F1EA6949FF080AF80309F478F96DFF278F3B60066074A20B89104873
:200BE00049A5080A02A740C46DFF2BFA1DFF4DFE3B0007005F0F5D806F8A45006F0A0E807E
:200C0000DA113C093B00024049A5080A40C46D009100C2F83F8FF8FFD803A03E49FF080A93
:200C200009FF3FF449A5080A370F684040C46D000001FCE73BA0034049A5080A40C46D00A7
:200C40007900D803A03E49FF040A09FF3FF449A5080A370F684040C46D00EB00FCE7DA11B9
:200C60003C093B00024049A5080A40C46D006200C2F83F8FF8FFD80349FF080AF8031DFF14
:200C800004FED8033B8000400245B04FF8038F2A407109F03CF9820189A040093B8007608C
:200CA00049A5080A40C46D00DF001DFFEEFD3BE006005F0F37803B0008010F0A80F03E0389
:200CC0006F9A0E00D803B04FF80309FFBCF909A00809820189F040091DFFD7FD3B0004013C
:200CE000260ADA407EAAD803B04FF80309FFBCF95802B4FF1DFFC9FD5F0A0B80D803B04F33
:200D0000F80309FFBCF9580234FF1DFFBEFDD803B04FF80309FFBCF9580274FF1DFFB5FD8A
:200D2000910000F6DA1959FFA4F009A20809009037046840545FC21F745F1D000200D44F75
:200D4000BCF440F41D00E107CC414C4280F07FF0068034F4CC41B01FEC410090404F405CBE
:200D60003C06370F684040C46DFFEBFF09FF0100EEF900903BF00F00804F1603063F0FF003
:200D8000100082FFC6F0C2F4604F804FB70F02F060F2B014542F260F742F77000004FCF642
:200DA0000090804F16033BF00F008F3F00100F10100082F1C610C2F4604F8041B70102202B
:200DC000095101008F3F0030B0140F3110106022C21F542216032602A612742277000004B3
:200DE000FDF0ED7F0090404F0B4510A849FD160A026840FCDA0034DF820702860BAB10485B
:200E00006DFF548E23820A0A0B2310A88BA060F2CA708B0003F089DF3FF48B0220F28B03E8
:200E200000F5EEEB04DF24FFEEFE40C200900248404F8FC83F40405CDA090B4F2001DA37A6
:200E4000AB0F83F042F46DFF75FF8FF8000140F4DA0940C50B0F2011DA37AB0F834142048B
:200E60001DFF68FF026E2020DA58404F0B4510A8405C027909AC600982085FEF7300DA64B8
:200E80003EEDDA693EEBDA6F5FEF6C00DA75BEE4DA785FEF67001D00ED00D2000B0C50F18C
:200EA0000B1D00F20BD190F2EE073BD002800BC0C0C00BD1D0D00BCD104840A43BA0006022
:200EC0006DFF93FFF6B6BA0C8B0D00F4DF0FDF8040A46D004807370268C0DF081180DA7501
:200EE0003EE88F890101DA087E043BB002803C078F8901F18B0F01F2AB08A28F768CABFA7C
:200F00001FAA8F3900F16E0740F4028440C56DFF11FF82086F0914808F2900F18B0F20F2B4
:200F2000864F8B0F02F03C0740F402F440C56DFF01FFC2FA7FAB04003FACF87F768E40F4EE
:200F4000028440C56DFFF6FE3C08C2FB61FF478E6DFFF0FEABFA1FAA3FBCF97F1D008A008E
:200F60008BFE268240A48F3820F08B8F00600BCD10486DFF3AFFDA78FEE314AF40A26E10E0
:200F8000092000088BF01BF0370F6810DA193F1F05808B0002F0342F092F0104EEF240A425
:200FA0006D00E106370268F078068B0C20F28B0D00F5EE0AF6B6DF086A806F296800821B86
:200FC000BBB0FFFF26F96F291B006F191300768E61FF058E6DFFAEFEABFA1FAA40F402E4A4
:200FE00040C56DFFA7FEABFA1FAABBB0FFFF26F9DA6F7EE558063FBF0300921B6F2909008C
:2010000076875806C22BC22F370F68F078066F0915808F2900F18B0F20F2864F8B0F02C0E8
:201020003C0740F402C440C56DFF84FEC2FA7FAB050058063FAFF77F6F291900DF08170024
:2010400061FFCD8D6DFF76FEABFA1FAA40F402E440C56DFF6FFEABFA1FAA3C08C2FB61FFC1
:20106000BE8D6DFF67FEABFA1FAA58063FBFF87FBBF0F74F40A4BBF0FF6F40F5269440C630
:2010800002A59BF6FF671D00030000900248404F025F405C0269406D6D006506022A6F0899
:2010A00019803C083B00024040C440D56DFF42FEC2FF3FFAF97F3FF9F77F3C0BC2F909F4F2
:2010C0000100DF04110040C440D56DFF33FE8AFFDF09F6FF3C083B00024040C4C2FF40D564
:2010E0006DFF28FEEEF90090910000F6D9FFA4A0D4F291200056D955408A012400460154BF
:2011000020F4EE0891200056D955C08A014530F4EE0482FF60F20090F4F400908F141E202E
:20112000009020186D0033066D00E9066DFF8E9D6DFFB09F6DFFE29F6DFF649F3C0A6D0084
:20114000680C76223C023C063B4042406D0073143CF73B40424082056D0056146DFFCDCF7C
:201160006DFFC1CD6DFF21D8910000F7D9FF000049FF000A49A2000AA02444FF642FFC4E85
:201180006DFFA6D582083C086DFFC0D53BA000406D00920FC218DA643FF8F87F3BA0094086
:2011A0003B0071526D00101A3BB005403BC051526D000A1A910000F7D9FF0C0049FF000A7D
:2011C00049A2000AA02444FF642FFC4E6DFF80D5DA0082083C0F6D00F50B910000F6D9FFFA
:2011E00090B094F0420F6DFF91D582546D00640FC2183B401F003F08F07F91000026D92276
:20120000AC504B0F41F17BA03F044B0F5100910000F6D9FF94B0481F4BF051F0742F910083
:2012200000F7D9FF180049FF000A49A2000AA02444FF642FFC4E6DFF4BD582083C24DAC884
:201240007F8F1C003B0064F07FF818006DFFFC9D910000F6D9FF98508B8813F0534F26F02C
:201260003B8057004B0F110234F0910000F6D9FF985014F46DFF3FD56DFF48D582346D0050
:201280001B0FC2183B0064F07F8FDB7F910000F6D9FF9850DA0034FF910000F7D9FF24007B
:2012A00049FF000A49A2000AA02444FF642FFC4E6DFF0ED56DFF2AD53BB0054082056D0025
:2012C000831982243B0000519BE500503B2001603BC000706D00EB23822482156D00FF2500
:2012E00082046D008D0A910000F6D9FFB85014FF6E053C036DFF7F9F3CFE82043B80BB5028
:201300006D00B5136D004F053C3A6DFF189F910000F8D9FFD46149FF000A49A20C0AA02491
:2013200044FF642FFC4E910000F6D9FF945014FF82103E0B82203E023C0FDAFF2CADDA00A3
:201340002CAEDAFF2CAF3C0FDA002CADDA002CAEDAFF2CAF3C08DA002CADDAFF2CAEDA0015
:201360002CAF3C0149AF0C0A49A2000AA02444FF642FFC4E6DFFACD46DFFC8D43CC70090E7
:201380006D003D056D000F053C076DFF0FCF3BA000406D00910E3CFA0090024F6DFFFFCB1C
:2013A0003B8007406DFF62CC6DFF39CC82046DFF5DCC6DFF34CC02F46DFF58CC6DFF2FCCAC
:2013C0006DFF0CCC0090024F6DFFE9CB3B8007406DFF4CCC6DFF23CC3B0004406DFF46CCEA
:2013E0006DFF1DCC02F46DFF41CC6DFF18CC6DFFF5CB0090024882093C168B090B406DFFAB
:20140000CEFF82046DFFCBFF3B0001406DFFC7FF820A3C0502846DFFD8FFC21ADA803FFA90
:20142000FBFFC219BF89EBFF00903B8042408215820682476D0086123B60424082158206AF
:2014400082476D007F123B80424082156D00DC123BE00A406DFFA3FF82046DFFA0FF3B0057
:2014600001406DFF9CFF3B0004406DFF98FF3B1008406DFF94FF3BF00C406DFF90FF3B0063
:201480000A406DFF8CFF3B000C406DFF88FF3B600A406DFF84FF3B800A406DFF80FF3BF0A2
:2014A00003406DFF7CFF3B300D406DFF78FF82046DFF75FF3B500D406DFF71FF3B000840CA
:2014C0006DFF6DFF3B900D406DFF69FF3B100F406DFF65FF3BA00D406DFF61FF3B2001404E
:2014E0006DFF5DFF3BB00D406DFF59FF3B0004406DFF55FF3B0002406DFF51FF82246DFF9E
:201500004EFF3BD008406DFF4AFF3B4001406DFF46FF3B400A406DFF42FF3B600A406DFF46
:201520003EFF3BF00A406DFF3AFF82046DFF64FF00900D00000282046D00620982046DFF10
:201540009BA38270DA010F0F00F0892F28296DFFCC8D0D00400200800D00000282046D00D3
:201560004F0982046DFF88A3DA0982180FF80080892828290D00400200800D00000282048C
:201580006D003E0982146DFF77A38278DA010F8F00F0892F28290D00400200800D00000231
:2015A00082046D002D0982146DFF66A3DA0982180FF80080892828290D00400200800D0015
:2015C000000282046D001C09910000F6D9FF9CB0D4FF2D0F00000D00400200800D00000259
:2015E00082046D000D0982046DFF8BC2762482046DFF7DC282446DFF84C2762482446DFF94
:2016000076C20D00400200800D00000282046D00F70882146DFF75C2762B82146DFF67C2BD
:20162000910000F6D9FFA8B0D4FF2D0F000082546DFF67C2762482546DFF59C20D00400233
:2016400000800D00000282046D00DA0882346DFF58C2762B82346DFF4AC2910000F6D9FFBC
:20166000A4B0D4FF2D0F000082746DFF4AC2762482746DFF3CC20D00400200800D000002C1
:2016800082046D00BD0891000046D944D8906DFF81A20D00400200800D00000282046D00D6
:2016A000AF080D00400200800D00000282046D00A70891000046D944C4B06DFF6BA20D0005
:2016C000400200800D00000282046D009908910000F6D9FFA0B0D4FF2D0F00000D00400298
:2016E00000800D00000282046D008A0891000046D944F0C06DFF4EA20D00400200800D00FA
:20170000000282046D007C086D002404910000F6D9FFD81014F46DFF2AD00D004002008037
:201720000D00000282046D006B0891000046D944DCE06DFF2FA20D00400200800D00000269
:2017400082046D005D086D005F080D0040020080C234B70402F06E659249DF096300910061
:2017600000F6D9FFACF054FFEE1582046DFFBEFC802F325F160392446DFFB8FC8020DFF03F
:2017800051001022F4F291000046B542A8F082007420D4FC820A3C0310CCB0FC54CF6E03AD
:2017A0006F0FFCFFF4FC3C1DB70801F010CF6F08188054FFEE1182046DFF98FC49F4040AA6
:2017C0007D420F80325802846DFF90FC802F1EF874CA82083C0CAE0442F874C840CF40FC6B
:2017E00054C876856F08E2FF3F98E0FFDF082680BF19180002946DFF79FC802F9EF249CF79
:20180000040A01F220F4EE0D012F30F4EE12802F325F1603102F92446DFF68FC802F5EF326
:20182000A002009001CF2020802F960174CF40FC01C900F674FA3C0A9A493FF8078001C9C2
:2018400000F6A29874F83C0202898F1940F174CF49C2040A0090DF043000404FBF842780D2
:20186000804F8F3F000180518F3100115F101F802E06C2F4045F344F494F010A80FF2E16E4
:20188000045F24FFC2E4045F24FF8F7400018FD41FF06E0B02F14052C2F160160922480185
:2018A00089F24801FC6CD05502047646C2F46042045F24FFFC2E40420090404FBF85238085
:2018C000804F2E05C2F53444494F010A80FF2E1424F4C2E524F48F7500F106D5DF051200D6
:2018E000D200764A370468008F802010A6108F002110A6100201C2F5605289F04801FC2EF0
:2019000002F57655C2F5605224F4FC2F40420090024F370FE81B8F1F1E00DAFF7E17024F22
:201920007444B70F89FB6E123C0B8FF00150DA7F7FF10900DA00B70F81FFA65F744F024210
:201940000090DA963FF10A007444DA00B70F81FF8FF00120A6F20090B704890B8F7101203D
:2019600082F38B6109110F1300302630B700890BA652A60274426B0231F4B70F812FA652A3
:2019800000907C4482021D00A001144FDF0F908089440209094F0A09894F0E09094F0609BB
:2019A000894F0A09094F1609894F1A09094F1209894F1609894512096B0531F4894F0609FB
:2019C000094F1E096B0531044B0F41F0894F2A09094F22090940060909412E096B0F61F125
:2019E000894F2E09094F26090940060909410A096B0131004B0F41F0894F3209094F3A09C6
:201A0000370FE8FB8B0F20F26E1F094F2E0909403A096700BF0F4B0F01F0370F61F06E06BE
:201A2000094F3A0967FFBFFF3C0D094F2E0909403A094B0F01F0AE24094F2E093C03094F40
:201A40003A09894F2E09094F2A0909402E096B0021FF094032096B0021FF894F3609094F20
:201A60003E09370FE8FB8B0F20F26E1F094F360909403E096700BF0F4B0F01F0370F61F07F
:201A80006E06094F3E0967FFBFFF3C0D094F360909403E094B0F01F0AE24094F36093C03AC
:201AA000094F3E09894F36091D000C01144FDF2F918089440209094F0A09894F0E09094F3A
:201AC0000609894F0A09094F1609894F1A09094F1209894F1609894512096B0531F4894FDA
:201AE0000609094F1E096B0531044B0F41F0894F2A09094F22090940060909412E096B0F47
:201B000061F1894F2E09094F260967FFBFFF09401209094116096B0131004B0F41F0894FEC
:201B20003209094F3A09370FE8FB8B0F20F26E1F094F2E0909403A096700BF0F4B0F01F0D2
:201B4000370F61F06E06094F3A0967FFBFFF3C0D094F2E0909403A094B0F01F0AE24094FE2
:201B60002E093C03094F3A09894F2E09094F2A0909402E096B0021FF094032096B0021FFA0
:201B8000894F3609094F3E09370FE8FB8B0F20F26E1F094F360909403E096700BF0F4B0F77
:201BA00001F0370F61F06E06094F3E0967FFBFFF3C0D094F360909403E094B0F01F0AE24D9
:201BC000094F36093C03094F3E09894F36093C79144FDF1F778089440209094F0A09894F51
:201BE0000E09094F0609894F0A09094F1609894F1A09094F1209894F1609894512096B0547
:201C000031F4894F0609094F1E096B05310409410A096B0131004B0F41F0894F2A09094FAC
:201C20002209094006094B0F41F0894F2E09094F26090940060909410A096B013100094164
:201C40000A0909420E096B0231116B0131004B0F41F0894F3209094F360909402A090941C8
:201C60002E096B012100094132096B0121006B0021FF894F3609094F3E09370FE8FB8B0F8A
:201C800020F26E1F094F360909403E096700BF0F4B0F01F0370F61F06E06094F3E0967FFEE
:201CA000BFFF3C0D094F360909403E094B0F01F0AE24094F36093C03094F3E09894F36094D
:201CC000094236093C010090DA00894F0609DA00894F0A09DA00894F0E09DA00894F120991
:201CE000DA00894F1609DA00894F1A09DA00894F2A09DA00894F2E09DA00894F3209DA00A9
:201D0000894F36090090024F8224370F68506D00602202F23C0100906F770C006F0505808C
:201D20008FF707F16E06C215EF850400C21606F5B70589FB8F7601008F840120A60FA6F2C8
:201D40000090201049A6100AA00FF4AF89A4840982FF780240A46DFF91F5D801DA0034FFF7
:201D60000090404F044FEEFF01F420F080F2C2F200903C08C2F4044F04506E023E035202A3
:201D80000090DF04F9FF820200906D0029056D0036006D003F006D004C0982046D003005F0
:201DA00000904DC0E1FF16073C016E083C01910000F6D9FFB0F014FF6EFB4DC0E1FF160714
:201DC0003C01910000F6D9FFB0F010FFDA0134FF8218DA003C0B910000F6D9FFB0F010FFE1
:201DE00014F0E20837086880C21FBF2FF6FF82146D006209DF08EE7F00906DFF90BF0224D7
:201E00006DFFE4BE6DFF9FBF02246DFF23BF0090910000F6D9FFB4F06DFF09BB68224DC01C
:201E2000E1FF8F7F00413C01910000F6D9FFB4F06DFF40BA6812910000F6D9FFB4F06DFFE4
:201E40004BBB74F2910000FFBCF16DFF2DBB913000FF39FF3506160F4B0F41F14BF251F023
:201E60003C013C01910000F6D9FFB4F06CF30090404F0258F64791000026D922ACA0142F8F
:201E8000EE023C1F91000026D922A8A0142F6E033C013C0091000026D922A8A0DA00C21F1B
:201EA000342F6D0091043C0C91000048D9449F02A00640F502846D0077006D0004003CF5F7
:201EC00000902008DA0074AFDA007801DA0074AF3C0FDA0078013C045801C21F7801580113
:201EE0003BF0FF017FF0FAFF54AFC21F74AF54AF3BF0FF007FF0EFFF0090201849A4000AFF
:201F00006D003302911000F8D9FF0CE2F80249A4000A6D00EE018224BB00205C9B15005096
:201F20003B2001603BC000706D00C11D91000046D944DC10820491000056D955D8003B00A1
:201F400004506D008002822482156D00C81F0090910000F6D9FFB0A014FF6E1382249100A3
:201F60000046D944D8106D00A71F91000046D944DC1091000056D955D81082146D005903A7
:201F80000090404676423C0E910000F6D9FFB0A014FF6E0891000048D944AC0202546D008A
:201FA00003000090D9AAE86F404C405D0248406E820089A08C08DA00ACA7DA007804DA00F7
:201FC000ACAADA00ACAB40D46DFFCDFE89A2100991000026D922C400092FC0086E0891006E
:201FE00000F6D9FFC400C84F2D0F0000910000F6D9FFB0A014F0DF007B01910000F6D9FF8F
:20200000C40009FFC008DF0F3F0109A096088CABC21FACAB910000F6D9FFC400C83F820498
:202020003700705040C42D0F000040D46DFF9BFE89A21009910000F6D9FFC40009F0C20826
:20204000910000F6D9FFC400086F4BF0010289A094083C0109DF0008B01DEEFDDA00ACA7D1
:202060003C11B0FD09D00008DA2F3E0509D00008DA5C7E0509AFCE08C21FACA75804C2FFC0
:20208000780409AFCE08FF2F05805804FF0FEB7F58040EFCB01DF4AD49A4180A91000058E3
:2020A000D95552F26DFF4FFE3C1709AFCE08EE0BF4AD49A4180A91000058D9555BF26DFF9B
:2020C00042FE3C0AF4AD49A4180A91000058D95552F26DFF38FEDA00ACA63C4CDA00ACA7EC
:2020E0003C2349A4180A6DFF3EFE09A0CC088CAA09A1CE0803F00AF17FF203803C1A09AFA7
:20210000CE0810AF49FF184A09A0CC088CAA09A1CE0803F00AF110A2092F180834FF09AF6A
:20212000CE08C21FACA709A0CE088CAA3FF0DB7F09AFCE0810AF49FF184ADA0034FF9100C2
:2021400000F6D9FFC40008708CABE2F08CABC21FACAB910000F6D9FFC400C83F8204370016
:20216000705049A4184A2D0F000009AFCC08C21FACA609A9CC0849A4180A6DFFF4FD8CAA2D
:202180004BF211029A103FF9ABFF74A849A4180A91000058D95568F26DFFD5FD910000F602
:2021A000D9FFC400087F09A09608E2F08CABC21FACAB910000F6D9FFC400C83F820437008D
:2021C000705049A4180A2D0F0000A00F7DEF5B00DA00ACA63C4CDA00ACA73C2240E46DFFAF
:2021E000C2FD09A0CC088CAA09A1CE0803F00AF17FF203803C1A09AFCE0810AF49FF184ABE
:2022000009A0CC088CAA09A1CE0803F00AF110E2092F000834FF09AFCE08C21FACA709A0CD
:20222000CE088CAA3FF0DC7F09AFCE0810AF49FF184ADA0034FF910000F6D9FFC400087F5A
:2022400009A09608E2F08CABC21FACAB910000F6D9FFC400C83F82043700705049A4184A00
:202260002D0F000009AFCC08C21FACA609A8CC0840E46DFF78FD8CAA4BF211029A103FF872
:20228000ACFF3C3549A4185A82043B0010506DFF16FB910000F6D9FFC400C82F40C42D0FCB
:2022A0000000A00F7DEF1000F4AD89A8040989AE880949A4185A91000058D95571F26DFF07
:2022C00042FD3C0CF4AD89A8040949A4185A91000058D9558A026DFF36FD910000F6D9FF98
:2022E000C400C82F49A4185A2D0F00000090910000F6D9FFC400094FC008B4FF910000F67B
:20230000D9FFC400094FC208ACF1910000F6D9FFC400094FC408ACF2910000F6D9FFC4005A
:202320000C462CF6910000F6D9FFC4000C472CF7910000F6D9FFC40009428809E8229100F6
:2023400000F6D9FFC40009428C09E83291000026D922C400CC44EC24910000F6D9FFB0A0AC
:20236000DA0134FF0090DA00B44FBBF0FFFFAC41BBF0FFFFAC42DAFF2C46DAFF2C47A00F6F
:20238000EC42A00FEC43A00FEC44009082246D002B1F0090404FA00201F210449100004884
:2023A000D944B8023B5005506DFF64FD820814FF960134FFDA006CF2DA006CF3485F6CF4BA
:2023C000081F82003E0682103E0A8220BE003C17C814820448556DFF72FA3C11C8148204FD
:2023E000485F532F20506DFF6AFA3C09C8148204485F534F20506DFF62FA3C01DA0034FF02
:2024000002823C0100904C43424F6C433C064C4309401409A20F6C434C4509400C097FF0A7
:20242000F8FF00904C42424F6C423C064C4209401409A20F6C424C45094008097FF0F8FF62
:202440000090404F024F405C0258A00201F2104491000048D944B8023B2022506DFF0AFD3D
:202460008202E81C820034F02CF1DA006CF2DA006CF3684868583C010090404F405C406D8B
:202480000249A00201F2104491000048D944B8023B1016506DFFEEFCA00201D210449100F7
:2024A0000048D944B8023B2016506DFFE3FC82088200A0027DC2058082381D00900014FF05
:2024C00016036E0574D082681D009F0040F46D009F0054D07F020B8074D28278F62714FFA6
:2024E000B70F81F134FF1D00900014FF960834FF485F4830520A54D03F0A2B80081F8200A4
:202500003E0682103E0C8220BE063C21C812483F102554D440C46DFFA0F93C19C812483F5B
:20252000532F20F0102554DF532F204040C46DFF94F93C0DC812483F534F20F0102554DFFE
:20254000534F204040C46DFF88F93C013C43081F82003E078210BE0482205F0F27003C3ADD
:20256000C812483F102540C402A46DFF76F901CA0046C81554D4A2A46DFF6FF93C2BC812CF
:20258000483F532F20F01025532A204040C46DFF64F9532A20F010C4C81554DFA2AF532FFF
:2025A00020406DFF5AF93C16C812483F534F20F01025534A204040C46DFF4FF9534A20F000
:2025C00010C4C81554DFA2AF534F20406DFF45F93C0114FFB70F81F134FFDF09168014F0DD
:2025E000DA0B7E0382283C1014FF960234FF54D440F46DFF0AFF484F54D0420F6CF414FF51
:20260000B70F81F034FF02823C010090404FA002012F104491000048D944B8023B600750A8
:202620006DFF28FC485F484052023C010090404F405C0248A00201F2104491000048D94466
:20264000B8023B000B506DFF15FC8209A0027DC2058082391D00B50014FF16056E048249C4
:202660001D00AF0014FF960434FF484F3F8FA480485F4820520A7F8A69800810DA003E0890
:2026800082115F012000DA025F0F3E003C5DC812482F102440C502A46DFFDFF840F402A4B9
:2026A0006DFFC2FEC812482F102401CA00560BA880406DFFD2F80BA8804040F46DFFB4FEDA
:2026C0003C43C812482F532F20F01024532A204040C56DFFC2F840F402A46DFFA5FEC81299
:2026E000482F532F20F01024532A20F010C55AA8532F20406DFFB1F80BA8804040F46DFF2F
:2027000093FE3C22C812482F534F20F01024534A204040C56DFFA1F840F402A46DFF84FEC4
:20272000C812482F534F20F01024534A20F010C55AA8534F20406DFF90F80BA8804040F441
:202740006DFF72FE3C013C33081F82003E068210BE008220BE0D3C2BC812482F102440C556
:2027600002846DFF7AF840F402846DFF5DFE3C1FC812482F532F20F010245328204040C522
:202780006DFF6BF840F402846DFF4EFE3C10C812482F534F20F010245348204040C56DFF09
:2027A0005CF840F402846DFF3FFE3C01484FA28F6CF43C02825914FFB70F01F134FF029252
:2027C0003C0100906D000C006D0042096D00160E6D00C10682046D00130000904DC0E2FFB2
:2027E000370FE1F78B0F20F23C010D00400300003C013C018B0F00223C010090F6430D0039
:20280000000300902010DA0089AF0609910000F6D9FF80B014FFDF0FB8003C0A910000466F
:20282000D944F41049A50A0A82146DFF02FF823449A40A0A6D00401BDF02F2FF0CAA3BA090
:2028400000005F0FA280DA0689AF060991000046D944F41049A5000A49A6060A82146DFFD0
:202860000EFE49A4030A91000058D955A01282346DFF81FADF022480910000F6D9FFBCA0AC
:2028800014FF9E2C910000F6D9FFBCA0DA0134FF91000046D944F4106DFFBAFE89A206093C
:2028A00091000046D944F41091000056D955CC4049A6060A82046DFFE2FD3C5A49A4030A9F
:2028C00091000058D955A41282346DFF54FADF022480910000F6D9FFB8A014FF9E2C910011
:2028E00000F6D9FFB8A0DA0134FF91000046D944F4106DFF8DFE89A2060991000046D94487
:20290000F41091000056D955CC2049A6060A82046DFFB5FD3C2D49A4030A91000058D95595
:20292000A81282346DFF27FADF022380910000F6D9FF84B014FF9E2C910000F6D9FF84B013
:20294000DA0134FF91000046D944F4106DFF60FE89A2060991000046D944F410910000568E
:20296000D955CC6049A6060A82046DFF88FD91000046D944F4106DFF0FFD910000F6D9FFB8
:20298000B4A0DA0134FF00908208820A82093C130290C21937097090DAFF7F0F0480821823
:2029A0003C0D3BF000406D008301022A3BA000406D008203DA6B5FAFEDFF02823C010090A9
:2029C00020083B20024049A4000A82656D009E01910000F6D9FF88B00CA18F8F20F014A022
:2029E000A60FB4FF910000F6D9FF8CB00CA38F8F20000CA2A6F0B4F0910000F6D9FF90B060
:202A00000CA58F8F20000CA4A6F0B4F00090201082083BA000406D004F03DAD4B4AFDAD9F5
:202A2000ACA23B3019F0ACA482248205BB0068699B8609603B000D706D006B113B201E40E7
:202A40008215820682376D007D07821482056D008C013B20014082156D00870182246D005B
:202A60002B03821482056D0080016DFF8FFFDF021200820491000048D944AC12910000580D
:202A8000D95594223B200F506DFF7DFA82181D000C013BD0004082356D0067018220DA009E
:202AA000BE0A82115F01280082215F013500DA035F0F42003C01820491000048D944803203
:202AC00091000058D95594223B2010506DFF5BFA82183C413B0001403B0003506D004501D9
:202AE000910000F6D9FF94B03B0020F19B0F68F474FF3C313B0001403B8003506D003501D4
:202B0000910000F6D9FF94B03B0040F19B0F60F474FF3C213B0001403BC003506D0025017B
:202B2000910000F6D9FF94B03B0000F19B0F58F474FF3C113B0001403B4003506D00150143
:202B4000910000F6D9FF94B03B0000F19B0F50F474FF3C01DF1804801D00A700DA04820069
:202B60005F0F210082105F0F2E0082205F0F3B0082305F0F480082405F0F550082505F0F20
:202B800062003C01820491000048D944A73291000058D95594223BA012506DFFF4F9821844
:202BA0003C613B1001403B2005506D00DE00910000F6D9FF94B0BBA099F99B4F36F46CF1F0
:202BC0003C513B1001403B0005506D00CE00910000F6D9FF94B0BBA099F99B4F2EF46CF118
:202BE0003C413B1001403B4005506D00BE00910000F6D9FF94B03B6066F69B4F26F46CF1D6
:202C00003C313B1001403B8005506D00AE00910000F6D9FF94B0BBD0CCFC9B4F1EF46CF141
:202C20003C213B1001403BC007506D009E00910000F6D9FF94B0BBD0CCFC9B4F16F46CF107
:202C40003C113B1001403B1005506D008E00910000F6D9FF94B03B3033F39B3F0EF46CF193
:202C60003C01DF1803803C203B2001403B4004506D007B003B30014082256D0076003B403D
:202C8000014082056D0071003B50014082056D006C003B60014082056D0067003B8001402F
:202CA00082156D00620002823C0100900248DA006E093B201E406D00BB05B042DA04742F69
:202CC0003C093B201E406D00B305B0427B4000F0742F82248F0848516D00F6150228DA013E
:202CE0006E093B201E406D00A305B042DA04742F3C093B201E406D009B05B0427B4000F074
:202D0000742F02823C0100900248404F0259DA006E093B201E406D008B05B042DA04742F11
:202D20003C093B201E406D008305B0427B4000F0742F82248F08485140F402966D000C162F
:202D4000DA016E093B201E406D007205B042DA04742F3C093B201E406D006A05B0427B408A
:202D600000F0742F00900B451088DA006E093B201E406D005D05B042DA04742F3C093B205C
:202D80001E406D005505B0427B4000F0742F8224028502966D002E16DA016E093B201E404D
:202DA0006D004605B042DA04742F3C093B201E406D003E05B0427B4000F0742F00900090DA
:202DC000DA104BF401023B0040F0E2F0600F9120003F30F3D93F4020DA104BF401025341D0
:202DE00020F010FF19FF00A03C01370F680C6F70E97F910000F6D9FFCC8001F400F614F024
:202E0000532020008B40000137006800B70F142632500F0200203C01009020880B451088A4
:202E200049A4100A9120005F6DFF5CBE910000F6D9FFACB014FFEE0E910000F6D9FFACB070
:202E4000821034F049A4000A49A5100A6DFFCABD3C03D804F4AF49A4300A49A5000A6DFF81
:202E6000ACBDDA104BF8010289A0340809A0740889A03508DA0189AF2118DA0189AF14183E
:202E8000DA0189AF1818DA0089AF3A08BB50F9FB9B6F3DF389AF3609DA0089AF0018BB50B6
:202EA000F9FB9B6F3DF3780F49A4040A49A5300A6DFF91BB49A4241A49A5040A6DFF7CBBB8
:202EC000DA104BF8010289A13018DA104BF8010289A13318DA0189AF261849A43C1A49A529
:202EE000241A6DFFE9B9821009AF30180FF0100049AF000AD4FF09A14C08534120F010F26C
:202F0000092F006982F2C602262FA6F0534120F010FF89F0006949AF000AD4FF39FF0580C2
:202F20009602E9FF0580910000F6D9FFCC8001F800F634F900900D00000282046DFF60FCD8
:202F40009100004F82046DFF5FB7910000F6D9FFB0B0DA0034FF0D00400200800D000002DF
:202F600082046DFF4DFCC5F4004082046DFF4CB7910000F6D9FFB4B0DA0034FF0D00400209
:202F8000008002484DC0E1FF16073C01370F48404DC0E20F3700E1078B0020F23C013C011E
:202FA000EE0D6DFF4FB7092010093C013C014C243C01A20F3F8FFDFF3C3A82FF5F4F3700E4
:202FC000DA003E44DA01BE4A3C32910000F6D9FFB0B0DA0134FF6DFF03FC85FF100042F83E
:202FE000A5F8300002246DFF0BFC3C01910000F6D9FFB0B014FFEEFB3C1A910000F6D9FFBE
:20300000B4B0DA0134FF6DFFEBFB85FF1040428FA5FF304002246DFFF3FB3C01910000F6EF
:20302000D9FFB4B014FFEEFB3C023C01009020104DC0E2FF370FE1F78B0F20823C010D008B
:20304000400300003C013C01820034A0DA002CA2DA1F2CA3DA002CA1DA017801DADCACA4EC
:20306000DA002CAA9100004F49A5000A6DFF15B79100004F82046DFFC7B6DA0034AFDA00AA
:203080002CA2DA1F2CA3DA002CA1DA017801DADDACA4DA012CAAC5F4004049A5000A6DFF8A
:2030A000FCB6C5F4004082046DFFAEB676830D0000030090024FBB00C4097FF017803C0A51
:2030C0003B0080429BB4E64E6DFF5DFFBB00C409A20FBB00C4093FF0F5FF3B50C3400654DC
:2030E000E2F46DFF50FF3C073B50C3400654E2F46DFF49FF0090024F3B00A0059B202600E8
:203100007FF019803C0C3B0080429BB4E64E6DFF3AFF3B00A0059B202600A20F3B00A005E8
:203120009B2026003FF0F1FF534F26406DFF2BFF3C05534F26406DFF26FF0090DA003E4A25
:20314000DA013E4CDA023E4EDA03BE40DA04BE423C15DA00A5FFF4823C11DA00A5FFF8825F
:203160003C0DDA00A5FFFC823C09DA00A5FFC0923C05DA00A5FFC4923C010090DA003E4BB0
:20318000DA01BE41DA02BE47DA03BE4DDA045F4F23003C2985FFF482370F70F03C01370F55
:2031A00050203C2285FFF882370F70F03C01370F50203C1A85FFFC82370F70F03C01370F29
:2031C00050203C1285FFC092370F70F03C01370F50203C0A85FFC492370F70F03C01370F79
:2031E00050203C028202910000F6D9FFB8B001F400F614FFEE04DA044BF201223C010090DB
:20320000026F82005F40100082105F403A0082205F40570082305F407A0082405F40A40039
:203220001D00C900F656910000F8D9FF9C003C11DF150780910000F8D9FFB0003C0A8204BA
:2032400091000048D9448F423BE003506DFF12F6EE06910000C8D9CC74F03C105E1691001E
:2032600000C8D9CC88003C0A820491000048D9448F423B2004506DFFFDF51D009C00DF25FC
:203280000780910000F8D9FF98103C0A820491000048D9448F423B8004506DFFEBF55E262C
:2032A000910000C8D9CC84103C0A820491000048D9448F423BB004506DFFDCF53C7BDF35A2
:2032C0000780910000F8D9FF94203C0A820491000048D9448F423B1005506DFFCBF55E365F
:2032E000910000C8D9CCAC103C105E46910000C8D9CC80203C0A820491000048D9448F42F3
:203300003B5005506DFFB6F53C55DF450780910000F8D9FF90303C11DF550780910000F8C8
:20332000D9FFA4303C0A820491000048D9448F423BC005506DFF9EF55E56910000C8D9CC4D
:20334000A8203C105E66910000C8D9CCBC203C0A820491000048D9448F423B0006506DFF2B
:2033600089F53C28DF650780910000F8D9FF8C403C11DF750780910000F8D9FFA0403C0AC4
:20338000820491000048D9448F423B7006506DFF71F55E76910000C8D9CCB8303C0A820487
:2033A00091000048D9448F423BA006506DFF62F53C013B000140820540F46DFF999D3B0001
:2033C0000140820540C46DFF4B9D0090024F0B561088C5F4C0826DFF349D821005F1D586D8
:2033E0003701820125F0D582820005F1E1863701820125F0E1820BF8104802966DFF02FF34
:2034000082003E0F82105F0F2A0082205F0F440082305F0F5E0082405F0F78001D00930089
:20342000823005F1D0863701030025F0D082821005F1D1863701010025F0D182827005F184
:20344000D0863701830125F0D082821005F1D0863701010325F0D0823C75823005F1D486BF
:203460003701030025F0D482821005F1D5863701010025F0D582827005F1D4863701830120
:2034800025F0D482821005F1D4863701010325F0D4823C58823005F1D8863701030025F04E
:2034A000D882821005F1D9863701010025F0D982827005F1D8863701830125F0D88282101F
:2034C00005F1D8863701010325F0D8823C3B823005F1DC863701030025F0DC82821005F136
:2034E000DD863701010025F0DD82827005F1DC863701830125F0DC82821005F1DC86370121
:20350000010325F0DC823C1E823005F1E0863701030025F0E082821005F1E18637010100F2
:2035200025F0E182827005F1E0863701830125F0E082821005F1E0863701010325F0E082F1
:203540003C01910000F6D9FFB8B010FFDA0034FF0090DA003C0C534F2000600F9140003F58
:2035600030F3D93FD438820074F0C21FBF4FF57F0090025F8BCF604291000048D944BA42DC
:203580003BA003506DFF76F4538F20F0910000F8D9FF54E010FF54F082013C02C2113B007E
:2035A00040F07FF10880DA0803F10AF060FF54FF6EF63B0040F07E1382023C0282123C016E
:2035C000009002588BC8604291000048D944BA423BF004506DFF4EF4820A538820F09100E5
:2035E00000F8D9FF54E010FF54F86DFFACB3022902946DFFBCB29110F0FAD9FF909A9110D8
:20360000F02AD922989A9110F04AD944A8AA9110F05AD955A8AA74F882107420DA80744FFF
:20362000DA50745F0D00800402946DFFBFB38210F6AC3C01910080FF19FF100282110F013A
:203640001010261FEEF83C023C040D0080043C01910000F6D9FFC090DA0134FF009002582C
:20366000404F02698BC8604291000048D944BA423BD006506DFFFEF33B0040F00B9F404115
:2036800091000048D944BA423BE006506DFFF2F382003C0FDA083B0000127B00F02A0318CA
:2036A0000A1203F00AF160F2542F74FFB04FC2103F90F2FF00900B451088404C026A8BC963
:2036C000604291000048D944BA423B2008506DFFD1F33B0040F00BAF404191000048D944D7
:2036E000BA423B3008506DFFC5F3538920F0910000F8D9FF54E010FF54FB6DFF24B3022C97
:20370000910000F6D9FFC09014FFEE0A0B8910486DFF31FF76250B8910486DFF54FF820897
:203720003C7DDA0803F80A9B9100F0FAD9FF5455B70918007B0000FA7E05DA5074FFDA000B
:203740003C0EB70918007B00F0FA7E05DA5D74FFDA003C050D008004DA013C018B0F004215
:2037600091000048D944BA423B4009506DFF82F3DA008210EE0C3C01910080FF19FF1002C5
:2037800082110F011010261FEEF83C023C040D0080043C0154CFB04C820176919100F0FACB
:2037A000D9FF70758200820302F2A620A63189F040090D00800402C46DFFD9B19110F0FA1A
:2037C000D9FF909A9110F02AD922989A9110F04AD944A8AA9110F05AD955A8AA74F9DA0003
:2037E000742FDAA0744FDAAA745F0D00800402C46DFFDCB2DA008210EE0C3C01910080FF8E
:2038000019FF100282110F011010261FEEF83C023C040D0080043C01C2183FA884FF91006F
:2038200000F6D9FFC090DA0034FF0090BB00FEFF26F4DA005F4F3200DA405F4F34003B000A
:2038400014F05F4F35003B0016F05F4F36003B001AF05F4F37003B001CF05F4F38003B00CA
:203860001EF05F4F39003B0028F05F4F3A003B002AF05F4F3B003B002CF05F4F3C003B005E
:203880002EF05F4F3D003B0040F05F4F3E003B0042F05F4F3F003C429140002FD922000AEB
:2038A0003C3E9140002FD922008A3C399140002FD922000B3C349140002FD922004B3C2F6D
:2038C0009140002FD92200CB3C2A9140002FD922400B3C259140002FD922404B3C20914062
:2038E000002FD922000C3C1B9140002FD922004C3C169140002FD922008C3C119140002FCE
:20390000D92200CC3C0C9140002FD922008D3C079140002FD92200CD3C023C013C010090BD
:20392000024F02F46DFF84FF161F09202409570061FF6E0382123C0282023C013C0100903E
:203940000B451088026AF69DDA003E74DA023E743C05DA003C05DA083C03DA103C013C087E
:20396000DA043E723C03DAC03C03DA803C0102846DFF5EFF8FF80141402402F56DFF6F9D1F
:2039800002846DFF55FF8FF80141820540246DFF989DDF19198076AC02846DFF49FF8FF818
:2039A00001F182100FF01000892004093C0C02846DFF3EFF8FF801F17B1000000FF0100034
:2039C0008920040900900248F65DDA003E64DA023E643C05DA003C05DA083C03DA103C0166
:2039E0003C08DA043E623C03DAC03C03DA803C0102846DFF1DFF8FF80141402402F56DFFB8
:203A00002E9D0090024F765B02F46DFF11FF161F82100FF01000892004093C0B02F46DFF82
:203A200007FF161F7B1000000FF01000892004090090024F02F46DFFFBFE161F82109B104D
:203A400000000FF01000892004090090910000F8D9FF7CC0D4F46DFFE490910000F8D9FF6B
:203A60007CC0C8246DFFDD90009020880249025A4DC0E2FF370FE1F78B0F20B23C010D00A4
:203A8000400300003C013C01DA024BF901426DFFF390402F49A4240A40F56DFF19946DFFD3
:203AA0001BAD02246DFF67E10B2310C882083C1C820702A60BCD10486DFFA8770B2310480A
:203AC000BB0024649BF6006082076DFFEF77BBF0FFFF7FF203803C0B8FFD1F1077CD800FE5
:203AE0000B0110C8C218DA103FF8E4FFDA103FF80280DA003E98DA013E9DDA02BE92DA03F2
:203B0000BE973C1DDA0089AF2418DA0A89AFA2183C16DA0089AF2A18DA0089AFA8183C0F10
:203B2000DA0089AF2418DA0089AFA2183C08DA0089AF2A18DA0089AFA8183C01DA024BF9A4
:203B40000102DF011780DA0089AF0018DA0789AF2018DA0189AF211889A228090BCD104898
:203B60006DFF37E189A22409DA0089AF0C183C15DA0189AF0018DA0989AF2618DA0289AF4A
:203B8000271889A230090BCD10486DFF22E189A22C09DA0089AF1418DA0089AF9A18DA00A7
:203BA00089AF9C18DA0089AF012849A4000A49A5240A6DFFC89102BF6E030D0000034D0077
:203BC000D0FF16015E19DA0182103700010E37F0040C89F0283949A4000A6DFF93930090AB
:203BE000DAAB3F4F0D00DA003FF40A005AF4910000F8D9FFE06190FFD4FFDC0F1D00F2033F
:203C000091000028D92298601D00F60391000028D922B4401D00F00391000028D922846092
:203C20001D00EA0391000028D922B0501D00E40391000028D9229C501D00DE03910000286B
:203C4000D92288501D00D80391000028D92280701D00D20391000028D92294701D00CC035F
:203C600091000028D922A8701D00C60391000028D922AC601D00C00391000028D922B88006
:203C80001D00BA0391000028D922A4801D00B40391000028D92290801D00AE039100002853
:203CA000D922BC701D00A80391000028D922B4901D00A20391000028D92288A01D009C03C3
:203CC00091000028D9228C901D00960391000028D922A0901D00900391000028D92284B0E2
:203CE0001D008A0391000028D922B0A01D00840391000028D9229CA01D007E03910000282B
:203D0000D92280C01D00780391000028D92294C01D00720391000028D92298B01D006C03AE
:203D200091000028D922ACB01D00660391000028D92290D01D00600391000028D922BCC029
:203D40001D005A0391000028D922A8C01D00540391000028D922A4D01D004E03910000280A
:203D6000D922B8D01D00480391000028D92288F01D00420391000028D922B4E01D003C0326
:203D800091000028D922A0E01D00360391000028D9228CE01D00300391000028D9229CF0E9
:203DA0001D002A0391000028D922D8001D00240391000028D922C4001D001E03910000287A
:203DC000D922B0F01D00180391000028D922EC001D00120391000028D922E8101D000C0366
:203DE00091000028D922D4101D00060391000028D922C0101D00000391000028D922FC10A1
:203E00001D00FA0291000028D922E4201D00F40291000028D922D0201D00EE029100002854
:203E2000D922C4501D00E80291000028D922F8201D00E20291000028D922F0401D00DC02C0
:203E400091000028D922C8401D00D60291000028D922DC401D00D00291000028D922F4301A
:203E60001D00CA0291000028D922E0301D00C40291000028D922CC301D00BE02910000286C
:203E8000D922EC501D00B80291000028D922C0601D00B20291000028D922D4601D00AC02BC
:203EA00091000028D922D8501D00A60291000028D922E0801D00A00291000028D922F87072
:203EC0001D009A0291000028D922CC801D00940291000028D922E4701D008E029100002808
:203EE000D922D0701D00880291000028D922FC601D00820291000028D922E8601D007C0298
:203F000091000028D922DC901D00760291000028D922F0901D00700291000028D922F48001
:203F20001D006A0291000028D922C8901D00640291000028D922C0B01D005E02910000280F
:203F4000D922ECA01D00580291000028D922D8A01D00520291000028D922C4A01D004C0243
:203F600091000028D922FCB01D00460291000028D922D0C01D00400291000028D922D4B0A1
:203F80001D003A0291000028D922E8B01D00340291000028D922CCD01D002E0291000028D3
:203FA000D922F8C01D00280291000028D922E4C01D00220291000028D922E0D01D001C02CF
:203FC00091000028D922F4D01D00160291000028D922C4F01D00100291000028D922F0E019
:203FE0001D000A0291000028D922DCE01D00040291000028D922C8E01D00FE0191000028D4
:20400000D922D8F01D00F80191000028D92214011D00F20191000028D9223C011D00EC01F3
:2040200091000028D92228011D00E60191000028D92200011D00E00191000028D922ECF05C
:204040001D00DA0191000028D92210111D00D40191000028D92220211D00CE019100002807
:20406000D92234211D00C80191000028D92238111D00C20191000028D9220C211D00BC0172
:2040800091000028D92224111D00B60191000028D92208311D00B00191000028D9220441AF
:2040A0001D00AA0191000028D92230311D00A40191000028D9221C311D009E0191000028EB
:2040C000D92218411D00980191000028D92228511D00920191000028D92214511D008C0136
:2040E00091000028D9222C411D00860191000028D92200511D00800191000028D92224611F
:204100001D007A0191000028D92210611D00740191000028D9223C511D006E0191000028CA
:20412000D92220711D00680191000028D9220C711D00620191000028D92238611D005C01F5
:2041400091000028D92234711D00560191000028D92230811D00500191000028D9221C816E
:204160001D004A0191000028D92208811D00440191000028D92200A11D003E0191000028CE
:20418000D9222C911D00380191000028D92204911D00320191000028D92218911D002C01D1
:2041A00091000028D92224B11D00260191000028D92210B11D00200191000028D9223CA1EE
:2041C0001D001A0191000028D92228A11D00140191000028D92214A11D000E0191000028AA
:2041E000D92238B11D00080191000028D9221CD11D00020191000028D92208D11D00FC004E
:2042000091000028D92220C11D00F60091000028D92234C11D00F00091000028D9220CC1BF
:204220001D00EA0091000028D92230D11D00E40091000028D92214F11D00DE009100002854
:20424000D92200F11D00D80091000028D92204E11D00D20091000028D92218E11D00CC005F
:2042600091000028D9222CE11D00C60091000028D92228F11D00C00091000028D9226011CB
:204280001D00BA0091000028D9224C111D00B40091000028D92264011D00AE0091000028C8
:2042A000D92278011D00A80091000028D9223CF11D00A20091000028D92250011D009C0067
:2042C00091000028D92258311D00960091000028D92270211D00900091000028D9224431D3
:2042E0001D008A0091000028D92248211D00840091000028D9225C213C7E91000028D922BA
:2043000074113C7991000028D92268413C7491000028D92240413C6F91000028D92254412D
:204320003C6A91000028D9226C313C6591000028D9227C413C6091000028D92278513C5BC4
:2043400091000028D92264513C5691000028D92250513C5191000028D92248713C4C9100FA
:204360000028D92274613C4791000028D9224C613C4291000028D92260613C3D910000283C
:20438000D92244813C3891000028D92270713C3391000028D9225C713C2E91000028D92246
:2043A00058813C2991000028D92254913C2491000028D92240913C1F91000028D9226C8145
:2043C0003C1A91000028D92268913C1591000028D92250A13C1091000028D9227C913C0B90
:2043E000820491000048D944A3523B3010506DFF41EDA0023C01009020389100014F6DFFD3
:20440000BF95910001FF19FF00C0AE1F9100014F8204BB0068599B85B9546DFFA4979100CA
:20442000014F82246DFF849749A4000A9100015F6DFF289782083C1982093C13370868F09C
:204440002CA4370948F02CA549A4240A49A5000A6DFF779649A4240A82146DFF5597C219D3
:20446000DA083FF9ED7FC218BF48E87F00902038024F0B5610883B0071020B9050419100D1
:204480000048D944A3523B8015506DFFF3EC02F46DFFA8FB402F14FF82003E0882103E0731
:2044A00082203E0682303E053C053C043C033C023C019100014F6DFF63959100012F192F98
:2044C00000C0AE1F9100014F8204BB0068599B85B9546DFF48979100014F82246DFF289742
:2044E00049A4000A9100015F6DFFCC9614FF2CA409FF01082CA5BB0068F99B8FB9F44B08FB
:2045000061014B0F51F04B0F71F17802F807DA0189AF120814FF82003E0A8210BE08822065
:204520005F0F260082305F0F33003C418205029409A6080982076DFF6972FB0071620B236E
:2045400010486DFFB37289A20C093C318205029409A6080982076DFF5972FB0071620B232C
:2045600010486DFFA37289A20C093C218205029409A6080982076DFF4972FB0071620B233C
:2045800010486DFF937289A20C093C118205029409A6080982076DFF3972FB0071620B234C
:2045A00010486DFF837289A20C093C0149A4240A49A5000A6DFFC59549A4240A82146DFFCF
:2045C0008F960090024F02583B0071020B80504191000048D944A3523B7013506DFF4AEC16
:2045E00002F46DFFFFFA402F14FF3B008000E20F60F29110013F3023D934000D09F401088C
:204600006DFF2E9514FF82003E0A8210BE0682205F0F220082305F0F2D003C398205028437
:20462000820702266DFFF271FB0071620B2310486DFF3C7202283C2B82050284820702263D
:204640006DFFE471FB0071620B2310486DFF2E7202283C1D82050284820702266DFFD67145
:20466000FB0071620B2310486DFF207202283C0F82050284820702266DFFC871FB00716242
:204680000B2310486DFF127202283C0114FF3B008000E20F60F29110013F3023D934000DDE
:2046A00009F4010802856DFFFD940090404F024F0B561088027AA00201F2104491000048C9
:2046C000D9448A623B202C506DFFD4EB0BA9104191000048D9448A623B302C506DFFCAEBE0
:2046E00074F9681A2CF889F80A0982158216823702946DFF27F982158216824702A46DFFFF
:2047000021F90090404F0248A00201F2104491000048D9448A623B801E506DFFABEB40F4EC
:204720006D009E01088F861F370F684040F46D00220140F402846D001E0140F46D00900107
:20474000088F861F9601370F684040F46D001301821440F46D000900022F40F46D00DB01F5
:2047600002F23C0100902008404F0249A00201F2104491000048D9448A623B400C506DFF68
:2047800079EB82083B8000A054F0370050406DFF4FF8B0427B10000054FF161F0FF01000FE
:2047A000742009FF0A0974AF3C0154AF54A0C2F074A0EEFC481F370F50406DFF39F8B04277
:2047C0008210481F161F0FF010007420481F370F5040820582066DFFF8F83C3554FF370F56
:2047E00050406DFF25F8B0427B10000054FF161F0FF01000742009FF0A0974AF3C0154AF7A
:2048000054A0C2F074A0EEFC54FF370F50406DFF0FF8B042821054FF161F0FF010007420A9
:2048200009FF0A0974AF3C0154AF54A0C2F074A0EEFC8618481F370F50406DFF73F8A628D6
:204840003708688002AFC2FA370A68A0EEC854FF370F50406DFFECF7B0427B10000054FF7D
:20486000161F0FF010007420481F370F5040821582466DFFAAF809FF0A0974AF3C0154AF38
:2048800054A0C2F074A0EEFC40F402946D00050002823C0100902008404F0248A00201F251
:2048A000104491000048D9448A623BC006506DFFE1EA54FF370F50406DFFBAF7B0427B1077
:2048C000000054FF161F0FF010007420768E481F370F50406DFFACF7B0428210481F161F3D
:2048E0000FF0100074203C0E481F370F50406DFF9FF7B0427B100000481F161F0FF0100064
:20490000742009FF0A0974AF3C0154AF54A0C2F074A0EEFC54FF370F50406DFF89F7B042DA
:20492000821054FF161F0FF01000742009FF0A0974AF3C0154AF54A0C2F074A0EEFC54FF45
:20494000370F50406DFF74F7B0427B10000054FF161F0FF010007420481F370F50406DFF59
:2049600067F7B0428210481F161F0FF01000742000902008404F0248A00201F2104491000B
:204980000048D9448A623BA00A506DFF73EA3B0008903C590F9880F06E0E481F370F504090
:2049A0006DFF46F7B0428210481F161F0FF0100074203C0E481F370F50406DFF39F7B04276
:2049C0007B100000481F161F0FF01000742086F909FF0A0982204B0F110274A03C0154AF10
:2049E00054A0C2F074A0EEFC54FF370F50406DFF1FF7B042821054FF161F0FF010007420B9
:204A000009FF0A0974AF3C0154AF54A0C2F074A0EEFC54FF370F50406DFF0AF7B0427B1061
:204A2000000054FF161F0FF01000742009FF0A0982204B0F110274A03C0154AF54A0C2F027
:204A400074A0EEFCDF09A8FF40F46D00BF00DF12048082023C0282123C0100902008404F1A
:204A6000A00201F2104491000048D9448A623B3004506DFFFFE954FF370F50406DFFD8F6F5
:204A8000B042821054FF161F0FF010007420481F370F50406DFFCCF6B0428210481F161FDC
:204AA0000FF01000742009FF0A0974AF3C0154AF54A0C2F074A0EEFC481F370F50406DFF88
:204AC000B7F6B0427B100000481F161F0FF01000742009FF0A0974AF3C0154AF54A0C2F049
:204AE00074A0EEFC54FF370F50406DFFA1F6B0427B10000054FF161F0FF01000742009FFDC
:204B00000A0974AF3C0154AF54A0C2F074A0EEFC00902008404FA00201F210449100004872
:204B2000D9448A623B7005506DFFA4E9481F370F50406DFF7DF6B0427B100000481F161F3E
:204B40000FF01000742054FF370F50406DFF70F6B0427B10000054FF161F0FF0100074200F
:204B600009FF0A0974AF3C0154AF54A0C2F074A0EEFC54FF370F50406DFF5AF6B0428210AA
:204B800054FF161F0FF01000742009FF0A0974AF3C0154AF54A0C2F074A0EEFC481F370F1B
:204BA00050406DFF45F6B0428210481F161F0FF01000742009FF0A0974AF3C0154AF54A089
:204BC000C2F074A0EEFC00902008404FA00201F2104491000048D9448A623B8008506DFF94
:204BE00049E9820854FF370F50406DFF21F6B0427B10000054FF161F0FF010007420481F3E
:204C0000370F50406DFF14F6B0428210481F161F0FF010007420481F370F50408205820639
:204C20006DFFD3F609FF0A0974AF3C0154AF54A0C2F074A0EEFC54FF370F50406DFFF8F59B
:204C4000B042821054FF161F0FF01000742009FF0A0974AF3C0154AF54A0C2F074A0EEFC83
:204C6000481F370F50406DFF5DF67622821854FF370F50406DFFDCF5B0427B10000054FFD0
:204C8000161F0FF010007420481F370F5040821582466DFF9AF609FF0A0974AF3C0154AF26
:204CA00054A0C2F074A0EEFC02823C010090404F0B451088A00201F2104491000048D944A9
:204CC0008A623BA013506DFFD5E840F46DFFC8FE088F861F370F684040F46DFF4CFE40F4D3
:204CE00002846DFF48FE40F402946DFF44FE40F46DFF11FF0090094F4218370FE3013C04A8
:204D0000094F10293C01020FC2F0EEFB009049AA20BA0B4510880B6710A809ACA04809AD57
:204D2000A44809AEA848DA644BFB01020B08004191000048D944B6623BB03D506DFF9AE891
:204D4000DA644BFC01020B08004191000048D944B6623BC03D506DFF8DE8DA644BFD010277
:204D60000B08004191000048D944B6623BD03D506DFF80E83B3019F03EEEDA644BFE01023B
:204D80000B08004191000048D944B6623B003E506DFF70E8910000F6D9FFD490B4FE370870
:204DA00048406DFFD995402CB4AE49A4103A49A5283A0B8B10480BCD10686D00900149A413
:204DC000040A40C56DFF099ADA002CA4BB00C2FB9BEFC3F47805DA002CAC49AF103AF809DC
:204DE00049A4300A49A5040A6DFFD19749A4303A49A5300A6DFFAD974B0A61F1783DDA0057
:204E00003E99DA01BE93DA02BE9EDA035F9F27003C3109AF7838B70F81F189AF383809AFE8
:204E20007838961089AF38383C2509AF7838B70F81F189AF383809AF7838B70F01F289AF72
:204E400038383C1809AF7838960889AF383809AF7838961089AF38383C0D09AF78389608DB
:204E600089AF383809AF7838B70F01F289AF38383C0109AF7838962089AF383809A0F838E5
:204E8000DA0837F006F389AFB83809AF7938B70F01F289AF393809A2E83989A2CC493B30A6
:204EA00019F07EE609AF7838960489AF383849A43C1A49A5303A6DFF5A963B3019F05FEF22
:204EC0002D80D83CD4FFC8AF09FF5108B70F01F389FF110882048205820640C46DFF8595EC
:204EE000910000F6D9FFD4903B3019F0B4FFDA003E88DA013E89DA023E8ADA033E8B3C0DF3
:204F00003B2001E03C0A3B8007E03C073BE00DE03C043B4014E03C01DA0509C0560837F009
:204F200003F289CF1608534820F0910000F6D9FFC49010FF4CC674FF534820F0910000F6E2
:204F4000D9FFC49010FF534820F091000026D922C4901022092FC208B77F85F3ACF153484B
:204F600020F0910000F6D9FFC49010FF534820F091000026D922C4901022142FB71F03F26E
:204F800034FF534820F0910000F6D9FFC49010FF534820F091000026D922C4901022142F4B
:204FA000B71F83F034FF534820F0910000F6D9FFC49010F2534820F0910000F6D9FFC490B7
:204FC00010FF081FB71F03F12C21534820F0910000F6D9FFC49010FF534820F091000026B5
:204FE000D922C4901022092FC008B71F83F3B4FF534820F0910000F6D9FFC49010F2534836
:2050000020F0910000F6D9FFC49010FF082F96202C22534820F0910000F6D9FFC49010F223
:20502000534820F0910000F6D9FFC49010FF082FB70F81F12C22534820F0910000F6D9FF3C
:20504000C49010F2534820F0910000F6D9FFC49010FF082FB70F01F32C22534820F0910012
:2050600000F6D9FFC49010F2534820F0910000F6D9FFC49010FF082FB71F03F02C225348B6
:2050800020F0910000F6D9FFC49010F2534820F0910000F6D9FFC49010FF081FB71F83F26C
:2050A0002C21534820F0910000F6D9FFC49010F2534820F0910000F6D9FFC49010FF08309E
:2050C000DA664BFE0122DA064BF301229AD2370F68F037F004F22C2300900B67108894AF90
:2050E000404F405C3B80000089F014083B00080028C03B0008002840820089F015088200C5
:2051000089C005083B00080089C0040882005F400D0082105F40C20082205F408B01823001
:205120005F4087021D00CF03F65791000028D92254B1F4F23C12DF15088091000028D922EE
:2051400064B1F4F23C0A820491000048D944B6623B2004506DFF8EE6DF6808809100002863
:20516000D92274A1E8223C12DF78088091000028D92244B1E8223C0A820491000048D94473
:20518000B6623B6004506DFF75E63BC000005F09088091000028D92264A1E8423C0A8204A7
:2051A00091000048D944B6623B9004506DFF62E63B2001007E07910000F8D9FF74B1F4CFE4
:2051C0003C6A3B8001007E07910000F8D9FF5CC1F4CF3C613BE001007E07910000F8D9FF08
:2051E00070C1F4CF3C583B4002007E07910000F8D9FF44D1F4CF3C4F3BA002007E0791006E
:2052000000F8D9FF58D1F4CF3C463B0003007E07910000F8D9FF6CD1F4CF3C3D3B60030015
:205220007E07910000F8D9FF40E1F4CF3C343BC003007E07910000F8D9FF54E1F4CF3C2BF1
:205240003B2004007E07910000F8D9FF68E1F4CF3C223B8004007E07910000F8D9FF7CE19D
:20526000F4CF3C193B0006007E07910000F8D9FF48C1F4CF3C103B3019007E04A00FF4CF5F
:205280003C0A820491000048D944B6623B7005506DFFF0E51D0017033B6006005F0508802F
:2052A00091000028D922A001F4F23C143B7006005F05088091000028D922B001F4F23C0A35
:2052C000820491000048D944B6623BF005506DFFD1E53BC006005F08088091000028D922F4
:2052E00070F1E8223C1E3BD006005F08088091000028D9228001E8223C143BE006005F08D2
:20530000088091000028D9229001E8223C0A820491000048D944B6623B4006506DFFAAE510
:205320003B2007005F09088091000028D92250F1E8423C143B3007005F0908809100002891
:20534000D92260F1E8423C0A820491000048D944B6623B8006506DFF8DE53B8007007E07C7
:20536000910000F8D9FF8011F4CF3C613BE007007E07910000F8D9FF9411F4CF3C583B405C
:2053800008007E07910000F8D9FFA811F4CF3C4F3BA008007E07910000F8D9FFBC11F4CFBF
:2053A0003C463B0009007E07910000F8D9FF9021F4CF3C3D3B6009007E07910000F8D9FFCA
:2053C000A421F4CF3C343BC009007E07910000F8D9FFB821F4CF3C2B3B200A007E0791006D
:2053E00000F8D9FF8C31F4CF3C223B800A007E07910000F8D9FFA031F4CF3C193BE00A0046
:205400007E07910000F8D9FFB431F4CF3C103B3019007E04A00FF4CF3C0A82049100004895
:20542000D944B6623B5007506DFF24E51D004B023BC00C005F05088091000028D9228861E6
:20544000F4F23C323BD00C005F05088091000028D9229861F4F23C283BE00C005F050880EB
:2054600091000028D922A861F4F23C1E3BF00C005F05088091000028D922B861F4F23C1409
:205480003B000D005F05088091000028D9228871F4F23C0A820491000048D944B6623BF040
:2054A00007506DFFE7E43B200D005F08088091000028D9229851E8223C1E3B300D005F0827
:2054C000088091000028D922A851E8223C143B400D005F08088091000028D922B851E822FF
:2054E0003C0A820491000048D944B6623B4008506DFFC0E43B800D005F090880910000287E
:20550000D9228851E8423C323B900D005F09088091000028D9228841E8423C283BA00D0064
:205520005F09088091000028D9229841E8423C1E3BB00D005F09088091000028D922A841E5
:20554000E8423C143BC00D005F09088091000028D922B841E8423C0A820491000048D94440
:20556000B6623BB008506DFF85E43BE00D007E07910000F8D9FF9871F4CF3C583B400E0004
:205580007E07910000F8D9FFAC71F4CF3C4F3BA00E007E07910000F8D9FF8081F4CF3C46A5
:2055A0003B000F007E07910000F8D9FF9481F4CF3C3D3BC00F007E07910000F8D9FFA88151
:2055C000F4CF3C343B2010007E07910000F8D9FFBC81F4CF3C2B3B8010007E07910000F807
:2055E000D9FF9091F4CF3C223BE010007E07910000F8D9FFA491F4CF3C193B4011007E0722
:20560000910000F8D9FFB891F4CF3C103B3019007E04A00FF4CF3C0A820491000048D94497
:20562000B6623B7009506DFF25E41D004C013B2013005F05088091000028D9228CD1F4F21E
:205640003C323B3013005F05088091000028D922ACC1F4F23C283B4013005F0508809100FC
:205660000028D922BCC1F4F23C1E3B5013005F05088091000028D9229CD1F4F23C143B60CE
:2056800013005F05088091000028D922ACD1F4F23C0A820491000048D944B6623B100A5075
:2056A0006DFFE8E33B8013005F08088091000028D922ACB1E8223C323B9013005F080880A0
:2056C00091000028D922BCB1E8223C283BA013005F08088091000028D9228CC1E8223C1EF9
:2056E0003BB013005F08088091000028D9229CB1E8223C143BC013005F08088091000028AC
:20570000D9229CC1E8223C0A820491000048D944B6623B800A506DFFADE33BE013005F09A6
:20572000088091000028D9228CA1E8423C323BF013005F09088091000028D922ACA1E8420F
:205740003C283B0014005F09088091000028D922BCA1E8423C1E3B1014005F090880910031
:205760000028D9228CB1E8423C143B2014005F09088091000028D9229CA1E8423C0A820409
:2057800091000048D944B6623BF00A506DFF72E33B4014007E08910000F8D9FFBCD1F4CFEF
:2057A0001D0090003BA014007E08910000F8D9FF8CF1F4CF1D0086003BB014007E0791006E
:2057C00000F8D9FFA0F1F4CF3C7C3B0015007E07910000F8D9FFB4F1F4CF3C733B10150040
:2057E0007E07910000F8D9FFC801F4CF3C6A3B6015007E07910000F8D9FFDC01F4CF3C61BE
:205800003BC015007E07910000F8D9FFF001F4CF3C583B2016007E07910000F8D9FFC4111E
:20582000F4CF3C4F3B8016007E07910000F8D9FFD811F4CF3C463BE016007E07910000F8F6
:20584000D9FFEC11F4CF3C3D3BF016007E07910000F8D9FFC021F4CF3C343B4017007E07E5
:20586000910000F8D9FFD421F4CF3C2B3B6018007E07910000F8D9FF90E1F4CF3C223BC082
:2058800018007E07910000F8D9FFA4E1F4CF3C193B2019007E07910000F8D9FFB8E1F4CFB7
:2058A0003C103B3019007E04A00FF4CF3C0A820491000048D944B6623B100C506DFFDAE27B
:2058C0003C0100900B451088370848406DFF4490402C40C46DFF11FA534820F0910000F6F3
:2058E000D9FFC49010FF54FF8200370F01F089CF201989C924193C0109CF4218370FE3F1B8
:205900006EFC40C46DFFF9F9534820F0910000F6D9FFC49010FF54FF8210370F01F089CFDA
:205920002019DA0089CF24193C0109CF4218370FE3F16EFC3C0109CF41186F3FFE7FBBF088
:20594000FFFF89CF141909CF10293C01370F68203C0100900B541088404C026A3709484024
:205960006DFFFA8F402D40D46DFFC7F9534920F0910000F6D9FFC49010FF54F08201371009
:20598000010089D0201989D824193C0109D042183700E3F16EFC40D46DFFAFF9DF1A0F8041
:2059A000534920F0910000F6D9FFC49010FF54FF8210370F01F089DF2019DA0089DF24193D
:2059C0003C0109DF4218370FE3F16EFC09DF10293C0134CFB01CC2FADF0AE2FF3C0109DFEC
:2059E00041186F3FFE7FBBF0FFFF89DF141900900B451088026A370848406DFFAD8F402C26
:205A0000534820F0910000F6D9FFC49010FF54FF8200370F01F089CF201940C46DFF6DF9A6
:205A200089C924193C0109CF42181607EEFD534820F0910000F6D9FFC49010FF54FF82100E
:205A4000370F01F089CF201989CA24193C0109CF42181607EEFD3C0109CF41186F3FFE7FDE
:205A6000BBF0FFFF89CF14190090A002DA003E48DA013E4BDA023E4EDA03BE413C159100DC
:205A80000026D922D8903C1091000026D922C4B03C0B91000026D922F0C03C069100002669
:205AA000D922DCE03C013C01009020200B4510A80B7610884DC0E2FF370FE1F78B0F20C23C
:205AC0003C010D00400300003C013C01370A48406DFF417C91000046D944080140256DFFFF
:205AE000048002A46D00250202A46D00B402910000F6D9FF0801DA0889FF2C08910000F692
:205B0000D9FF0801DA04ACF4910000F6D9FF08014B0B61F16CF1910000F6D9FF0801DA0770
:205B20002CFAA00FF4AFA00FF80449A4180A49A5080A0BA9104802866D002800DA102CAC48
:205B4000DA8089AF1C08DA0089AF1D08910000F6D9FF080149A2000AE8A202A46DFF87FFD9
:205B600091000056D955080140246DFF847D820502A46D00B401820502A46D00F60202CF84
:205B80006E030D0000030090DA003E4CDA015F4F4000DA025F4FC600DA035F4F27011D00A7
:205BA0008901F658910000F8D9FF680080FF744F3C1CDF150980910000F8D9FF780080FFD5
:205BC000744F3C13DF250980910000F8D9FF481080FF744F3C0ADF350980910000F8D9FFE7
:205BE000581080FF744F3C01F668910000F8D9FF480080FF745F3C0ADF160980910000F818
:205C0000D9FF580080FF745F3C011D005401DF450980910000F8D9FF483080FF744F3C4906
:205C2000DF550980910000F8D9FF583080FF744F3C40DF650980910000F8D9FF683080FFBB
:205C4000744F3C37DF750980910000F8D9FF783080FF744F3C2EDA087E58910000F8D9FF63
:205C6000484080FF744F3C25DA097E58910000F8D9FF584080FF744F3C1CDA0A7E58910062
:205C800000F8D9FF684080FF744F3C13DA0B7E58910000F8D9FF784080FF744F3C0ADA0CB9
:205CA0007E58910000F8D9FF485080FF744F3C01DF460980910000F8D9FF681080FF745FBD
:205CC0003C2EDF560980910000F8D9FF781080FF745F3C25DF660980910000F8D9FF482069
:205CE00080FF745F3C1CDF360980910000F8D9FF582080FF745F3C13DF760980910000F87B
:205D0000D9FF682080FF745F3C0ADF260980910000F8D9FF782080FF745F3C011D00CB008D
:205D2000DA0D7E58910000F8D9FF686080FF744F3C2EDA0E7E58910000F8D9FF786080FF5B
:205D4000744F3C25DA0F7E58910000F8D9FF487080FF744F3C1CDA107E58910000F8D9FF8C
:205D6000587080FF744F3C13DA117E58910000F8D9FF687080FF744F3C0ADA127E589100F5
:205D800000F8D9FF787080FF744F3C01DA0B7E68910000F8D9FF585080FF745F3C25DA0962
:205DA0007E68910000F8D9FF685080FF745F3C1CDA0A7E68910000F8D9FF785080FF745FF5
:205DC0003C13DA0C7E68910000F8D9FF486080FF745F3C0ADA087E68910000F8D9FF586026
:205DE00080FF745F3C013C66DA137E58910000F8D9FF489080FF744F3C37DA147E5891006C
:205E000000F8D9FF589080FF744F3C2EDA157E58910000F8D9FF689080FF744F3C25DA166D
:205E20007E58910000F8D9FF789080FF744F3C1CDA177E58910000F8D9FF48A080FF744F37
:205E40003C13DA187E58910000F8D9FF58A080FF744F3C0ADA197E58910000F8D9FF68A018
:205E600080FF744F3C01DA0E7E68910000F8D9FF488080FF745F3C1CDA0F7E68910000F8AA
:205E8000D9FF588080FF745F3C13DA0D7E68910000F8D9FF688080FF745F3C0ADA107E6833
:205EA000910000F8D9FF788080FF745F3C013C023C010090404F82086DFFD9FDD424094F44
:205EC0005208161F3C016E07D424821440F56DFFCB7A821802823C0100900258910000F641
:205EE000D9FF0801D4FF370448406DFF347A91000046D944080140256DFFF77D40F46DFF2F
:205F00009A7A370868F06E03DA013C02DA0009F0431837F001F289FF031876850C2196049F
:205F20002C213C050C21B70F01F12C210090DA003E4CDA015F4F2B00DA025F4F4900DA0349
:205F40005F4F67001D008600910000F6D9FF080191000026D922DCA0E8C2910000F6D9FFEA
:205F6000080191000026D922F490E8E2910000F6D9FF0801DA0189FFAE08910000F6D9FF38
:205F80000801DA0189FFB4083C64910000F6D9FF080191000026D922C8C0E8C2910000F666
:205FA000D9FF080191000026D922E0B0E8E2910000F6D9FF0801DA0189FFAE08910000F6EC
:205FC000D9FF0801DA0189FFB4083C43910000F6D9FF080191000026D922F4D0E8C2910029
:205FE00000F6D9FF080191000026D922CCD0E8E2910000F6D9FF0801DA0189FFAE089100A0
:2060000000F6D9FF0801DA0189FFB4083C22910000F6D9FF080191000026D922E0F0E8C298
:20602000910000F6D9FF080191000026D922F8E0E8E2910000F6D9FF0801DA0189FFAE0823
:20604000910000F6D9FF0801DA0189FFB4083C010090DA003E4BDA015F4F2600DA025F4F50
:206060004000DA035F4F5A003C75910000F6D9FF0801DA0089FFA008910000F6D9FF080170
:20608000DA0089FFA208910000F6D9FF0801DA0089FFA408910000F6D9FF0801DA0089FFB4
:2060A00026083C61910000F6D9FF0801DA0089FFA008910000F6D9FF0801DA0089FFA2082F
:2060C000910000F6D9FF0801DA0089FFA408910000F6D9FF0801DA0089FF26083C44910041
:2060E00000F6D9FF0801DA6489FFA008910000F6D9FF0801DAFF89FFA208910000F6D9FF89
:206100000801DAFE89FFA408910000F6D9FF0801DA0089FF26083C27910000F6D9FF0801A7
:20612000DA0089FFA008910000F6D9FF0801DA0089FFA208910000F6D9FF0801DA0089FF17
:20614000A408910000F6D9FF0801DA0089FF26083C0A820491000048D9449D723BC0065079
:206160006DFF88DE00900258910000F6D9FF0801D4FF370448406DFFEE7891000046D9449F
:20618000080140256DFFB17C40F46DFF6179370868F06E03DA013C02DA0009F0431837F008
:2061A00081F389FF031876850C2196042C213C050C21B70F01F12C210090404F025F6DFF5A
:2061C00056FCD42440F502F46DFF447A0090200834A56DFF4CFCD42449A5000A82146DFFE9
:2061E000397A00900248404F3C0909FF0008B01F370F685002846DFFECFF09FF0008EEF690
:0262000000900C
:20620400020000000000000000000000000000000000000000000000000000000000000078
:206224009C41000000000000104100000000000000000000000000000000000000000080AC
:20624400BB440000000000000000000000000000000000000000000000000000000000003B
:206264000000000000000000000000000000000000000000000000000000000000006F1299
:20628400033C000000006F12033B00000000000000000000000000000000000000000000FC
:2062A400FA430000010000000000000000000000000000000000000000000000000000009C
:2062C40000000AD7233EA69BC43B9A99993D0000000000000000000000000000000000002F
:2062E40000000000FA4300000100000000000000000000000000000000000000000000005C
:20630400000000000000000016439A99993F00000000000000000000000000000000000015
:20632400000000409C4500701446000001000000000000000000000000000000000000006D
:206344000000000000000000000000001643666606400000000000000000000000000000CE
:2063640000000000000000409C45007014460000000000000000000000000000000000002E
:2063840000000000000000000000000000000000A042000000000000000000000000000017
:2063A4000000000000000000000000000000000096440000000000000000000000000000FF
:2063C400980B006000A60160BE2D0180BE2D0180BE2D0180BE2D01800000000046000000B9
:2063E400000000000000000000000000000000000000000000000000000000000000000099
:20640400000000000000000000000000000000000000000000000000000000000000000078
:20642400000000000000000000000000000000000000000000000000000000000000000058
:20644400000000000000000000000000000000000000000000000000000000000000000038
:20646400000000000000000000000000000000000000000000000000000000000000000018
:206484000000000000000000000000000000000000000000000000000000000000000000F8
:2064A4000000000000000000000000000000000000000000000000000000000000000000D8
:2064C4000000000000000000000000000000000000000000000000000000000000000000B8
:2064E400000000000000000000000000000000000000000000000000000000000000000098
:20650400000000000000000000000000000000000000000000000000000000000000000077
:20652400000000000000000000000000000000000000000000000000000000000000000057
:20654400000000000000000000000000000000000000000000000000000000000000000037
:20656400000000000000000000000000000000000000000000000000000000000000000017
:206584000000000000000000000000000000000000000000000000000000000000000000F7
:2065A4000000000000000000000000000000000000000000000000000000000000000000D7
:2065C4000000000000000000000000000000000000000000000000000000000000000000B7
:2065E40000001C25000028000000120010000D0009000600030001000000FFFFFDFFFAFFF9
:20660400F7FFF3FFF0FFEEFF000000000000000000000000000000000000000000000000B2
:20662400000000000000000000000000000000000000000000000000000000000000000056
:20664400000000000000000000000000000000000000000000000000000000000000000036
:20666400000000000000000000000000000000000000000000000000000000000000000016
:20668400000000000000000000805444000096420000000000000000000000000000000006
:2066A4000000000000000000000000000000000000000000000000000000000000000000D6
:2066C4000000000000000000000000000000000000000000000000000000000000000000B6
:2066E400000000000000000000000000000000000000000000000000000000000000000096
:20670400000000000000000000000000000000000000000000000000000000000000000075
:20672400000000000000000000000000000000000000000000000000000000000000000055
:20674400000000000000000000000000000000000000000000000000000000000000000035
:20676400000000000000000000000000000000000000000000000000000000000000000015
:206784000000000000000000000000000000000000000000000000000000000000000000F5
:2067A4000000000000000000000000000000000000000000000000000000000000000000D5
:2067C4000000000000000000000000000000000000000000000000000000000000000000B5
:2067E400000000000000000000000000000000000000000000000000000000000000000095
:20680400000000000000000000000000000000000000000000000000000000000000000074
:20682400000000000000000000000000000000000000000000000000000000000000000054
:20684400000000000000000000000000000000000000000000000000000000000000000034
:20686400000000000000000000000000000000000000000000000000000000000000000014
:206884000000000000000000000000000000000000000000000000000000000001000000F3
:2068A4000000000000000000000000000000000000000000000000000000000000000000D4
:2068C4000000000000000000000000000000000000000000000000000000000000000000B4
:2068E400000000000000000000000000000000000000000000000000000000000000000094
:20690400000000000000000000000000000000000000000000000000000000000000000073
:20692400000000000000000000000000000000000000000000000000000000000000000053
:20694400000000000000000000000000000000000000000000000000000000000000000033
:20696400000000000000000000000000000000000000000000000000000000000000000013
:206984000000000000000000000000000000000000000000000000000000000000000000F3
:2069A4000000000000000000000000000000000000000000000000000000000000000000D3
:2069C4000000000000000000000000000000000000000000000000000000000000000000B3
:2069E400000000000000000000000000000000000000000000000000000000000000000093
:206A0400000000000000000000000000000000000000000000000000000000000000000072
:206A2400000000000000000000000000000000000000000000000000000000000000000052
:206A4400000000000000000000000000000000000000000000000000000000000000000032
:206A6400000000000000000000000000000000000000000000000000000000000000000012
:206A84000000000000000000000000000000000000000000000000000000000000000000F2
:206AA4000000000000000000000000000000000000000000000000000000000000000000D2
:206AC4000000000000000000000000000000000000000000000000000000000000000000B2
:206AE400000000000000000000000000000000000000000000000000000000000000000092
:206B0400000000000000000000000000000000000000000000000000000000000000000071
:206B2400000000000000000000000000000000000000000000000000000000000000000051
:206B44000000000000000000000000000000001000000010000000100000001000000010E1
:206B6400000000100000001000000010000000100000001000000010000000100000001091
:206B8400000000100000001000000000000000000000002D310128000000401F00000100EA
:206BA4000000010000000000000000000000000000000000000000000000000000000000D0
:206BC4000000000000000000000000000000000000000000000000000000000000000000B1
:206BE400000000000000000000108045CDCC6441000000000201000000000000000000007B
:206C0400000000000000000000000000000000000000000000000000000000000000000070
:206C2400000000000000000000000000000000000102030405060708090A0B0C0D0E0F00D8
:206C4400000800000001000000000000000101000000000000000000000000000000000025
:206C640002FF000000000000E80300000600FF0000000000000000000100FF00000000001F
:206C840000000000010000000000006004620180440000000100000044000060DC630180FF
:206CA40008000000010000004C000060F46B0180010000000100000050000060F56B0180A8
:206CC400010000000100000054000060F66B0180010000000100000058000060E463018096
:206CE400F60100000100000050020060DA6501800800000001000000580200604862018038
:206D04001C0000000100000074020060F76B0180010000000100000078020060F86B0180D9
:206D240001000000010000007C020060E2650180080000000100000084020060F96B0180D3
:206D4400010000000100000088020060FA6B018001000000010000008C020060FB6B018086
:206D6400010000000100000090020060EA650180040000000100000094020060FC6B018068
:206D8400010000000100000098020060EE6501801E00000001000000B80200600C660180F3
:206DA4000800000001000000C0020060FD6B01800100000001000000C40200601466018098
:206DC4000800000001000000CC020060FE6B01800100000001000000D0020060FF6B01806F
:206DE4000100000001000000D40200601C6601800400000001000000D802006064620180CE
:206E040088000000010000006003006020660180080000000100000068030060006C01805A
:206E240001000000010000006C03006028660180040000000100000070030060016C0180A8
:206E44000100000001000000740300602C660180040000000100000078030060026C018073
:206E64000F0000000100000088030060306601804800000001000000D0030060116C018082
:206E84000100000001000000D4030060EC62018044000000010000001804006078660180C6
:206EA4000C0000000100000024040060126C01800F0000000100000034040060216C018084
:206EC40001000000010000003804006084660180100000000100000048040060226C0180D9
:206EE40001000000010000004C040060236C0180010000000100000050040060246C018005
:206F040001000000010000005404006094660180040000000100000058040060256C018065
:206F240001000000010000005C040060306301804400000001000000A004006098660180AF
:206F44000C00000001000000AC040060266C01800100000001000000B0040060A46601805C
:206F64000402000001000000B4060060276C01800100000001000000B8060060A868018027
:206F84004400000001000000FC060060286C0180010000000100000000070060EC680180F3
:206FA400040000000100000004070060296C0180010000000100000008070060F0680180FD
:206FC4000800000001000000100700602A6C0180010000000100000014070060F8680180B8
:206FE400E201000001000000F80800607463018044000000010000003C090060DA6A018042
:207004000600000001000000440900602B6C01800100000001000000480900602C6C0180D4
:2070240001000000010000004C090060E06A01800400000001000000500900602D6C0180F2
:207044000100000001000000540900602E6C01800100000001000000580900602F6C018073
:2070640001000000010000005C090060E46A0180060000000100000064090060EA6A0180CD
:2070840006000000010000006C090060F06A0180040000000100000070090060306C01803A
:2070A400010000000100000074090060316C0180010000000100000078090060326C0180CD
:2070C40001000000010000007C090060F46A01802200000001000000A0090060166B0180B8
:2070E400CC000000010000006C0A0060336C01801100000001000000800A0060446C01809C
:207104000100000001000000840A0060B86301801000000001000000940A0060456C01809E
:207124000100000001000000980A0060E26B018004000000010000009C0A0060466C01803B
:207144000100000001000000A00A0060476C01800100000001000000A40A0060C86301802F
:207164000400000001000000A80A0060486C01800100000001000000AC0A0060496C018071
:207184000100000001000000B00A00604A6C01800100000001000000B40A00604B6C018040
:2071A4000100000001000000B80A00604C6C01800100000001000000BC0A00604D6C01800C
:2071C4000100000001000000C00A00604E6C01800100000001000000C40A00604F6C0180D8
:2071E4000100000001000000C80A0060E66B01800200000001000000CC0A0060E86B018078
:207204000200000001000000D00A0060EA6B01800200000001000000D40A0060EC6B01803E
:207224000800000001000000DC0A0060CC6301801000000001000000EC0A0060506C0180A7
:207244000100000001000000F00A0060516C01800100000001000000F40A0060526C0180F1
:207264000100000001000000F80A0060536C01800500000002000000000B006000000000F4
:20728400F200000002000000F40B00600000000065000000020000005C0C00600000000068
:2072A400E201000002000000400E0060000000000100000002000000440E00600000000082
:2072C4001200000002000000580E00600000000041000000020000009C0E00600000000083
:2072E4002500000002000000C40E0060000000004100000002000000080F00600000000077
:207304002500000002000000300F0060000000004100000002000000740F0060000000007D
:2073240025000000020000009C0F0060000000004100000002000000E00F00600000000085
:2073440025000000020000000810006000000000400000000100000000000070586C018094
:147364003000000000000000000000000000000000000000E5
:02000004800278
:2000000000000000700059B30000000000000000000000000000000064B81E799B47E18668
:02000004800F6B
:20400000911000E8D9EE5851DC0E911000E8D9EE7A51DC0E911000E8D9EE5C61DC0E911020
:2040200000E8D9EE5C71DC0E911000E8D9EE4881DC0E911000E8D9EE4291DC0E911000E881
:20404000D9EE7E61DC0E911000E8D9EE58A1DC0E911000E8D9EE58A1DC0E911000E8D9EE1A
:2040600058A1DC0E911000E8D9EE44B1DC0E911000E8D9EE58A1DC0E911000E8D9EE7CC16E
:20408000DC0E911000E8D9EE7C91DC0E911000E8D9EE68A1DC0E911000E8D9EE60C1DC0E51
:0A414000911000E8D9EE7241DC0E88
:0A4C8000911000E8D9EE58A1DC0EF7
:0A5B8000911000E8D9EEF6C2DC0E29
:0A5BA000911000E8D9EEDCD2DC0E13
:0A5FC000911000E8D9EE62B1DC0E8A
:0A5FE000911000E8D9EE7EB1DC0E4E
:040000058000002057
:00000001FF
